symbol,status,rows,first_timestamp,last_timestamp,instrument_token,path
ADANIPOWER,downloaded,72,2026-09-17 09:15:00+05:30,2026-09-17 15:10:00+05:30,4451329,data\raw\strategy_001j_u1_check_20260917\ADANIPOWER.csv
ANANTRAJ,downloaded,75,2026-09-17 09:15:00+05:30,2026-09-17 15:25:00+05:30,3486721,data\raw\strategy_001j_u1_check_20260917\ANANTRAJ.csv
AXISBANK,downloaded,72,2026-09-17 09:15:00+05:30,2026-09-17 15:10:00+05:30,1510401,data\raw\strategy_001j_u1_check_20260917\AXISBANK.csv
BAJAJ-AUTO,downloaded,72,2026-09-17 09:15:00+05:30,2026-09-17 15:10:00+05:30,4267265,data\raw\strategy_001j_u1_check_20260917\BAJAJ-AUTO.csv
BAJFINANCE,downloaded,72,2026-09-17 09:15:00+05:30,2026-09-17 15:10:00+05:30,81153,data\raw\strategy_001j_u1_check_20260917\BAJFINANCE.csv
BEL,downloaded,72,2026-09-17 09:15:00+05:30,2026-09-17 15:10:00+05:30,98049,data\raw\strategy_001j_u1_check_20260917\BEL.csv
BHARTIARTL,downloaded,72,2026-09-17 09:15:00+05:30,2026-09-17 15:10:00+05:30,2714625,data\raw\strategy_001j_u1_check_20260917\BHARTIARTL.csv
BSE,downloaded,72,2026-09-17 09:15:00+05:30,2026-09-17 15:10:00+05:30,5013761,data\raw\strategy_001j_u1_check_20260917\BSE.csv
CANBK,downloaded,72,2026-09-17 09:15:00+05:30,2026-09-17 15:10:00+05:30,2763265,data\raw\strategy_001j_u1_check_20260917\CANBK.csv
DIXON,downloaded,72,2026-09-17 09:15:00+05:30,2026-09-17 15:10:00+05:30,5552641,data\raw\strategy_001j_u1_check_20260917\DIXON.csv
ETERNAL,downloaded,72,2026-09-17 09:15:00+05:30,2026-09-17 15:10:00+05:30,1304833,data\raw\strategy_001j_u1_check_20260917\ETERNAL.csv
GMDCLTD,downloaded,75,2026-09-17 09:15:00+05:30,2026-09-17 15:25:00+05:30,1332225,data\raw\strategy_001j_u1_check_20260917\GMDCLTD.csv
GOLDBEES,downloaded,75,2026-09-17 09:15:00+05:30,2026-09-17 15:25:00+05:30,3693569,data\raw\strategy_001j_u1_check_20260917\GOLDBEES.csv
GRSE,downloaded,75,2026-09-17 09:15:00+05:30,2026-09-17 15:25:00+05:30,1401601,data\raw\strategy_001j_u1_check_20260917\GRSE.csv
HAL,downloaded,72,2026-09-17 09:15:00+05:30,2026-09-17 15:10:00+05:30,589569,data\raw\strategy_001j_u1_check_20260917\HAL.csv
HCLTECH,downloaded,72,2026-09-17 09:15:00+05:30,2026-09-17 15:10:00+05:30,1850625,data\raw\strategy_001j_u1_check_20260917\HCLTECH.csv
HDFCBANK,downloaded,72,2026-09-17 09:15:00+05:30,2026-09-17 15:10:00+05:30,341249,data\raw\strategy_001j_u1_check_20260917\HDFCBANK.csv
HEROMOTOCO,downloaded,72,2026-09-17 09:15:00+05:30,2026-09-17 15:10:00+05:30,345089,data\raw\strategy_001j_u1_check_20260917\HEROMOTOCO.csv
HINDALCO,downloaded,72,2026-09-17 09:15:00+05:30,2026-09-17 15:10:00+05:30,348929,data\raw\strategy_001j_u1_check_20260917\HINDALCO.csv
HINDCOPPER,downloaded,75,2026-09-17 09:15:00+05:30,2026-09-17 15:25:00+05:30,4592385,data\raw\strategy_001j_u1_check_20260917\HINDCOPPER.csv
HINDZINC,downloaded,72,2026-09-17 09:15:00+05:30,2026-09-17 15:10:00+05:30,364545,data\raw\strategy_001j_u1_check_20260917\HINDZINC.csv
ICICIBANK,downloaded,72,2026-09-17 09:15:00+05:30,2026-09-17 15:10:00+05:30,1270529,data\raw\strategy_001j_u1_check_20260917\ICICIBANK.csv
IDEA,downloaded,72,2026-09-17 09:15:00+05:30,2026-09-17 15:10:00+05:30,3677697,data\raw\strategy_001j_u1_check_20260917\IDEA.csv
INDIGO,downloaded,72,2026-09-17 09:15:00+05:30,2026-09-17 15:10:00+05:30,2865921,data\raw\strategy_001j_u1_check_20260917\INDIGO.csv
INFY,downloaded,72,2026-09-17 09:15:00+05:30,2026-09-17 15:10:00+05:30,408065,data\raw\strategy_001j_u1_check_20260917\INFY.csv
ITC,downloaded,72,2026-09-17 09:15:00+05:30,2026-09-17 15:10:00+05:30,424961,data\raw\strategy_001j_u1_check_20260917\ITC.csv
KAYNES,downloaded,72,2026-09-17 09:15:00+05:30,2026-09-17 15:10:00+05:30,3095553,data\raw\strategy_001j_u1_check_20260917\KAYNES.csv
KOTAKBANK,downloaded,72,2026-09-17 09:15:00+05:30,2026-09-17 15:10:00+05:30,492033,data\raw\strategy_001j_u1_check_20260917\KOTAKBANK.csv
LT,downloaded,72,2026-09-17 09:15:00+05:30,2026-09-17 15:10:00+05:30,2939649,data\raw\strategy_001j_u1_check_20260917\LT.csv
M&M,downloaded,72,2026-09-17 09:15:00+05:30,2026-09-17 15:10:00+05:30,519937,data\raw\strategy_001j_u1_check_20260917\M&M.csv
MARUTI,downloaded,72,2026-09-17 09:15:00+05:30,2026-09-17 15:10:00+05:30,2815745,data\raw\strategy_001j_u1_check_20260917\MARUTI.csv
MAXHEALTH,downloaded,72,2026-09-17 09:15:00+05:30,2026-09-17 15:10:00+05:30,5728513,data\raw\strategy_001j_u1_check_20260917\MAXHEALTH.csv
MCX,downloaded,72,2026-09-17 09:15:00+05:30,2026-09-17 15:10:00+05:30,7982337,data\raw\strategy_001j_u1_check_20260917\MCX.csv
NETWEB,downloaded,75,2026-09-17 09:15:00+05:30,2026-09-17 15:25:00+05:30,4462849,data\raw\strategy_001j_u1_check_20260917\NETWEB.csv
PAYTM,downloaded,72,2026-09-17 09:15:00+05:30,2026-09-17 15:10:00+05:30,1716481,data\raw\strategy_001j_u1_check_20260917\PAYTM.csv
POWERGRID,downloaded,72,2026-09-17 09:15:00+05:30,2026-09-17 15:10:00+05:30,3834113,data\raw\strategy_001j_u1_check_20260917\POWERGRID.csv
RELIANCE,downloaded,72,2026-09-17 09:15:00+05:30,2026-09-17 15:10:00+05:30,738561,data\raw\strategy_001j_u1_check_20260917\RELIANCE.csv
SAMMAANCAP,downloaded,75,2026-09-17 09:15:00+05:30,2026-09-17 15:25:00+05:30,7712001,data\raw\strategy_001j_u1_check_20260917\SAMMAANCAP.csv
SBIN,downloaded,72,2026-09-17 09:15:00+05:30,2026-09-17 15:10:00+05:30,779521,data\raw\strategy_001j_u1_check_20260917\SBIN.csv
SILVERBEES,downloaded,75,2026-09-17 09:15:00+05:30,2026-09-17 15:25:00+05:30,2068481,data\raw\strategy_001j_u1_check_20260917\SILVERBEES.csv
SUNPHARMA,downloaded,72,2026-09-17 09:15:00+05:30,2026-09-17 15:10:00+05:30,857857,data\raw\strategy_001j_u1_check_20260917\SUNPHARMA.csv
SWIGGY,downloaded,72,2026-09-17 09:15:00+05:30,2026-09-17 15:10:00+05:30,6928897,data\raw\strategy_001j_u1_check_20260917\SWIGGY.csv
TATAINVEST,downloaded,75,2026-09-17 09:15:00+05:30,2026-09-17 15:25:00+05:30,414977,data\raw\strategy_001j_u1_check_20260917\TATAINVEST.csv
TATASTEEL,downloaded,72,2026-09-17 09:15:00+05:30,2026-09-17 15:10:00+05:30,895745,data\raw\strategy_001j_u1_check_20260917\TATASTEEL.csv
TCS,downloaded,72,2026-09-17 09:15:00+05:30,2026-09-17 15:10:00+05:30,2953217,data\raw\strategy_001j_u1_check_20260917\TCS.csv
TITAN,downloaded,72,2026-09-17 09:15:00+05:30,2026-09-17 15:10:00+05:30,897537,data\raw\strategy_001j_u1_check_20260917\TITAN.csv
TMPV,downloaded,72,2026-09-17 09:15:00+05:30,2026-09-17 15:10:00+05:30,884737,data\raw\strategy_001j_u1_check_20260917\TMPV.csv
TRENT,downloaded,72,2026-09-17 09:15:00+05:30,2026-09-17 15:10:00+05:30,502785,data\raw\strategy_001j_u1_check_20260917\TRENT.csv
VEDL,downloaded,72,2026-09-17 09:15:00+05:30,2026-09-17 15:10:00+05:30,784129,data\raw\strategy_001j_u1_check_20260917\VEDL.csv
WAAREEENER,downloaded,72,2026-09-17 09:15:00+05:30,2026-09-17 15:10:00+05:30,6632193,data\raw\strategy_001j_u1_check_20260917\WAAREEENER.csv
