timestamp,open,high,low,close,volume
2025-09-18 09:15:00+05:30,203.17,204.0,202.93,203.85,2303
2025-09-18 09:20:00+05:30,203.85,203.85,202.54,203.39,1217
2025-09-18 09:25:00+05:30,203.39,203.46,202.54,202.77,544
2025-09-18 09:30:00+05:30,202.77,203.07,202.55,203.07,309
2025-09-18 09:35:00+05:30,203.07,203.09,202.25,202.28,460
2025-09-18 09:40:00+05:30,202.28,202.31,202.22,202.31,47
2025-09-18 09:45:00+05:30,202.31,202.31,201.99,202.0,770
2025-09-18 09:50:00+05:30,202.0,202.19,202.0,202.19,308
2025-09-18 09:55:00+05:30,202.21,202.22,202.0,202.0,1455
2025-09-18 10:00:00+05:30,202.0,202.3,202.0,202.3,102
2025-09-18 10:05:00+05:30,202.3,202.53,202.16,202.52,730
2025-09-18 10:10:00+05:30,202.52,202.52,202.48,202.48,10
2025-09-18 10:15:00+05:30,202.48,202.48,201.94,201.94,934
2025-09-18 10:20:00+05:30,201.94,202.51,201.94,202.24,1004
2025-09-18 10:25:00+05:30,202.24,202.24,202.09,202.09,63
2025-09-18 10:30:00+05:30,202.09,202.2,202.09,202.2,263
2025-09-18 10:35:00+05:30,202.2,202.2,201.7,201.84,183
2025-09-18 10:40:00+05:30,201.84,202.85,201.84,202.85,2752
2025-09-18 10:45:00+05:30,202.85,202.85,202.44,202.44,354
2025-09-18 10:50:00+05:30,202.44,202.53,202.44,202.53,25
2025-09-18 10:55:00+05:30,202.53,202.53,202.44,202.49,105
2025-09-18 11:00:00+05:30,202.56,202.56,202.38,202.53,751
2025-09-18 11:05:00+05:30,202.53,202.53,202.14,202.49,1582
2025-09-18 11:10:00+05:30,202.49,204.54,201.86,203.11,11173
2025-09-18 11:15:00+05:30,203.11,203.64,203.01,203.11,1160
2025-09-18 11:20:00+05:30,203.11,203.4,203.09,203.36,156
2025-09-18 11:25:00+05:30,203.36,203.36,203.36,203.36,0
2025-09-18 11:30:00+05:30,203.36,203.36,203.09,203.35,359
2025-09-18 11:35:00+05:30,203.35,203.35,203.07,203.1,597
2025-09-18 11:40:00+05:30,203.1,203.33,203.07,203.07,831
2025-09-18 11:45:00+05:30,203.07,203.07,203.07,203.07,264
2025-09-18 11:50:00+05:30,203.07,203.07,202.94,202.94,135
2025-09-18 11:55:00+05:30,202.94,202.94,202.94,202.94,0
2025-09-18 12:00:00+05:30,202.94,202.94,202.94,202.94,1
2025-09-18 12:05:00+05:30,203.13,203.13,202.94,202.94,55
2025-09-18 12:10:00+05:30,202.94,203.14,202.94,202.94,20
2025-09-18 12:15:00+05:30,202.94,202.94,202.82,202.82,343
2025-09-18 12:20:00+05:30,202.82,202.82,202.82,202.82,0
2025-09-18 12:25:00+05:30,202.82,203.11,202.75,203.11,31
2025-09-18 12:30:00+05:30,203.11,203.11,202.75,202.75,85
2025-09-18 12:35:00+05:30,202.75,202.75,202.63,202.63,156
2025-09-18 12:40:00+05:30,202.63,202.63,202.07,202.07,1397
2025-09-18 12:45:00+05:30,202.07,202.07,201.9,201.9,422
2025-09-18 12:50:00+05:30,201.9,202.23,201.9,202.23,11
2025-09-18 12:55:00+05:30,202.23,202.51,202.23,202.5,18
2025-09-18 13:00:00+05:30,202.5,202.88,202.19,202.82,854
2025-09-18 13:05:00+05:30,202.82,202.82,202.82,202.82,0
2025-09-18 13:10:00+05:30,202.38,202.74,201.6,201.73,7222
2025-09-18 13:15:00+05:30,201.73,202.1,201.73,201.73,126
2025-09-18 13:20:00+05:30,201.73,202.2,201.71,201.71,310
2025-09-18 13:25:00+05:30,201.71,202.12,201.71,202.12,100
2025-09-18 13:30:00+05:30,202.12,202.12,202.12,202.12,0
2025-09-18 13:35:00+05:30,202.12,202.15,201.72,202.15,155
2025-09-18 13:40:00+05:30,202.15,202.39,201.98,201.98,53
2025-09-18 13:45:00+05:30,201.98,202.4,201.98,202.39,232
2025-09-18 13:50:00+05:30,202.39,202.39,202.07,202.1,23
2025-09-18 13:55:00+05:30,202.1,202.13,201.98,201.98,151
2025-09-18 14:00:00+05:30,201.98,202.6,201.98,202.15,1280
2025-09-18 14:05:00+05:30,202.15,202.17,202.08,202.11,910
2025-09-18 14:10:00+05:30,202.11,202.23,202.11,202.12,28
2025-09-18 14:15:00+05:30,202.12,202.35,202.12,202.35,29
2025-09-18 14:20:00+05:30,202.35,202.9,202.35,202.59,259
2025-09-18 14:25:00+05:30,202.59,203.07,202.59,202.72,3267
2025-09-18 14:30:00+05:30,202.72,202.97,202.58,202.87,398
2025-09-18 14:35:00+05:30,202.87,203.07,202.64,202.66,979
2025-09-18 14:40:00+05:30,202.66,203.07,202.31,202.55,1522
2025-09-18 14:45:00+05:30,202.55,203.9,202.55,203.56,7369
2025-09-18 14:50:00+05:30,203.39,203.86,202.82,202.89,9613
2025-09-18 14:55:00+05:30,202.86,203.17,202.8,202.84,82
2025-09-18 15:00:00+05:30,202.84,203.36,202.84,203.09,1280
2025-09-18 15:05:00+05:30,203.09,203.45,202.93,203.03,1275
2025-09-18 15:10:00+05:30,203.31,203.55,202.99,203.18,1457
2025-09-18 15:15:00+05:30,203.18,203.54,203.09,203.1,849
2025-09-18 15:20:00+05:30,203.27,203.31,202.89,203.3,3336
2025-09-18 15:25:00+05:30,203.26,203.56,202.58,202.58,4488
2025-09-19 09:15:00+05:30,203.36,203.36,201.34,202.2,585
2025-09-19 09:20:00+05:30,202.2,202.2,201.37,201.37,581
2025-09-19 09:25:00+05:30,201.37,202.16,201.37,202.16,503
2025-09-19 09:30:00+05:30,202.16,202.4,201.7,201.7,1274
2025-09-19 09:35:00+05:30,201.7,202.58,201.7,202.58,6323
2025-09-19 09:40:00+05:30,202.58,203.56,202.58,203.21,2066
2025-09-19 09:45:00+05:30,203.21,203.21,203.07,203.07,825
2025-09-19 09:50:00+05:30,203.07,204.27,203.07,203.59,3039
2025-09-19 09:55:00+05:30,203.59,204.05,203.32,203.66,2418
2025-09-19 10:00:00+05:30,203.66,203.7,203.36,203.7,1386
2025-09-19 10:05:00+05:30,203.7,203.7,203.15,203.15,115
2025-09-19 10:10:00+05:30,203.15,203.16,203.08,203.1,272
2025-09-19 10:15:00+05:30,203.4,203.58,203.22,203.22,408
2025-09-19 10:20:00+05:30,203.22,203.22,203.22,203.22,0
2025-09-19 10:25:00+05:30,203.22,203.28,203.11,203.14,139
2025-09-19 10:30:00+05:30,203.14,203.37,203.14,203.37,79
2025-09-19 10:35:00+05:30,203.37,203.37,203.1,203.1,85
2025-09-19 10:40:00+05:30,203.1,203.1,203.07,203.07,2064
2025-09-19 10:45:00+05:30,203.07,203.07,203.07,203.07,51
2025-09-19 10:50:00+05:30,203.15,203.15,203.07,203.07,2613
2025-09-19 10:55:00+05:30,203.07,203.17,203.07,203.17,907
2025-09-19 11:00:00+05:30,203.17,203.17,203.07,203.07,328
2025-09-19 11:05:00+05:30,203.07,204.05,203.07,203.48,2685
2025-09-19 11:10:00+05:30,203.48,203.59,203.46,203.46,139
2025-09-19 11:15:00+05:30,203.46,203.95,203.46,203.56,2622
2025-09-19 11:20:00+05:30,203.86,204.1,203.61,204.1,2274
2025-09-19 11:25:00+05:30,204.1,204.1,203.84,203.84,230
2025-09-19 11:30:00+05:30,203.84,203.84,203.68,203.68,19
2025-09-19 11:35:00+05:30,203.71,203.71,203.56,203.56,157
2025-09-19 11:40:00+05:30,203.56,203.56,203.46,203.5,631
2025-09-19 11:45:00+05:30,203.5,203.65,203.46,203.46,657
2025-09-19 11:50:00+05:30,203.46,203.46,203.46,203.46,75
2025-09-19 11:55:00+05:30,203.46,203.46,203.46,203.46,114
2025-09-19 12:00:00+05:30,203.46,203.46,203.46,203.46,2398
2025-09-19 12:05:00+05:30,203.46,203.46,203.46,203.46,375
2025-09-19 12:10:00+05:30,203.46,203.8,203.46,203.55,859
2025-09-19 12:15:00+05:30,203.55,203.83,203.52,203.52,566
2025-09-19 12:20:00+05:30,203.52,203.82,203.52,203.82,85
2025-09-19 12:25:00+05:30,203.82,203.82,203.55,203.56,4
2025-09-19 12:30:00+05:30,203.46,203.46,203.46,203.46,866
2025-09-19 12:35:00+05:30,203.46,203.8,203.38,203.8,953
2025-09-19 12:40:00+05:30,203.8,203.8,203.45,203.7,474
2025-09-19 12:45:00+05:30,203.7,203.7,203.45,203.45,121
2025-09-19 12:50:00+05:30,203.56,203.56,203.56,203.56,50
2025-09-19 12:55:00+05:30,203.61,203.61,203.45,203.45,1739
2025-09-19 13:00:00+05:30,203.45,204.44,203.45,203.97,936
2025-09-19 13:05:00+05:30,203.97,204.22,203.92,203.92,22
2025-09-19 13:10:00+05:30,204.14,204.48,204.06,204.48,2305
2025-09-19 13:15:00+05:30,204.48,204.48,203.94,204.1,1532
2025-09-19 13:20:00+05:30,204.1,204.1,204.05,204.05,401
2025-09-19 13:25:00+05:30,204.05,206.51,204.05,206.03,20892
2025-09-19 13:30:00+05:30,206.03,206.49,205.53,206.02,2560
2025-09-19 13:35:00+05:30,206.02,206.97,205.75,206.44,9112
2025-09-19 13:40:00+05:30,206.44,207.28,206.4,207.28,6116
2025-09-19 13:45:00+05:30,206.89,207.23,206.49,206.49,3659
2025-09-19 13:50:00+05:30,206.49,206.69,206.49,206.49,2890
2025-09-19 13:55:00+05:30,206.49,206.69,206.49,206.64,2863
2025-09-19 14:00:00+05:30,206.64,206.64,206.49,206.49,14230
2025-09-19 14:05:00+05:30,206.49,206.49,205.51,205.63,3077
2025-09-19 14:10:00+05:30,205.63,206.14,205.51,206.0,3105
2025-09-19 14:15:00+05:30,206.0,206.11,205.78,206.11,259
2025-09-19 14:20:00+05:30,205.74,206.04,205.51,205.51,2149
2025-09-19 14:25:00+05:30,205.51,205.57,205.51,205.51,905
2025-09-19 14:30:00+05:30,205.51,205.89,205.51,205.71,687
2025-09-19 14:35:00+05:30,205.71,208.29,205.51,206.42,16101
2025-09-19 14:40:00+05:30,206.42,206.58,206.25,206.27,2644
2025-09-19 14:45:00+05:30,205.99,206.0,205.51,205.51,2762
2025-09-19 14:50:00+05:30,205.51,206.27,205.51,206.27,538
2025-09-19 14:55:00+05:30,206.27,206.45,205.27,205.5,3062
2025-09-19 15:00:00+05:30,205.5,205.51,204.73,205.32,5293
2025-09-19 15:05:00+05:30,205.32,205.44,204.94,205.44,3805
2025-09-19 15:10:00+05:30,205.44,205.44,204.57,204.57,5419
2025-09-19 15:15:00+05:30,204.54,205.29,204.54,204.75,2455
2025-09-19 15:20:00+05:30,204.75,205.19,204.69,205.19,2679
2025-09-19 15:25:00+05:30,205.19,205.51,203.95,205.41,7368
2025-09-22 09:15:00+05:30,205.03,205.03,203.12,203.81,2320
2025-09-22 09:20:00+05:30,203.81,204.07,203.12,203.12,893
2025-09-22 09:25:00+05:30,203.12,203.22,203.03,203.16,733
2025-09-22 09:30:00+05:30,203.16,204.32,203.16,204.06,1021
2025-09-22 09:35:00+05:30,204.06,204.64,204.06,204.18,237
2025-09-22 09:40:00+05:30,204.18,204.33,203.95,204.11,316
2025-09-22 09:45:00+05:30,204.11,204.11,203.57,203.6,192
2025-09-22 09:50:00+05:30,203.6,203.89,203.49,203.49,540
2025-09-22 09:55:00+05:30,203.49,203.49,203.37,203.37,733
2025-09-22 10:00:00+05:30,203.37,203.79,203.29,203.79,1163
2025-09-22 10:05:00+05:30,203.79,203.81,203.79,203.81,3
2025-09-22 10:10:00+05:30,203.81,203.96,203.81,203.83,901
2025-09-22 10:15:00+05:30,204.04,204.06,203.89,203.89,57
2025-09-22 10:20:00+05:30,203.89,204.05,203.89,204.05,32
2025-09-22 10:25:00+05:30,204.05,204.05,203.87,203.87,23
2025-09-22 10:30:00+05:30,203.87,204.06,203.87,204.06,5
2025-09-22 10:35:00+05:30,204.06,204.06,203.83,203.83,40
2025-09-22 10:40:00+05:30,203.83,204.04,203.83,204.04,15
2025-09-22 10:45:00+05:30,204.04,204.04,203.78,203.95,198
2025-09-22 10:50:00+05:30,203.95,203.95,203.95,203.95,86
2025-09-22 10:55:00+05:30,203.95,203.95,203.94,203.94,2
2025-09-22 11:00:00+05:30,203.94,203.94,203.92,203.92,770
2025-09-22 11:05:00+05:30,203.87,203.87,203.87,203.87,35
2025-09-22 11:10:00+05:30,203.87,203.87,203.87,203.87,400
2025-09-22 11:15:00+05:30,203.87,203.87,202.81,202.81,1658
2025-09-22 11:20:00+05:30,202.81,203.14,202.63,202.86,98
2025-09-22 11:25:00+05:30,202.86,202.87,202.86,202.87,60
2025-09-22 11:30:00+05:30,202.87,202.97,202.87,202.89,103
2025-09-22 11:35:00+05:30,202.89,202.89,202.68,202.68,449
2025-09-22 11:40:00+05:30,202.68,202.82,202.46,202.46,638
2025-09-22 11:45:00+05:30,202.46,202.73,202.46,202.49,112
2025-09-22 11:50:00+05:30,202.49,202.49,202.48,202.48,812
2025-09-22 11:55:00+05:30,202.48,202.57,202.48,202.57,124
2025-09-22 12:00:00+05:30,202.57,202.63,202.57,202.63,279
2025-09-22 12:05:00+05:30,202.63,202.63,202.46,202.46,877
2025-09-22 12:10:00+05:30,202.46,202.46,202.4,202.4,63
2025-09-22 12:15:00+05:30,202.4,202.4,202.28,202.4,697
2025-09-22 12:20:00+05:30,202.4,202.5,202.4,202.5,20
2025-09-22 12:25:00+05:30,202.61,202.63,198.09,200.51,34099
2025-09-22 12:30:00+05:30,200.51,201.57,200.51,200.75,1139
2025-09-22 12:35:00+05:30,200.98,201.29,200.98,201.29,229
2025-09-22 12:40:00+05:30,201.29,201.48,201.01,201.48,281
2025-09-22 12:45:00+05:30,201.48,201.48,201.06,201.33,897
2025-09-22 12:50:00+05:30,201.44,201.54,201.12,201.12,952
2025-09-22 12:55:00+05:30,201.12,201.37,201.12,201.12,158
2025-09-22 13:00:00+05:30,201.12,201.34,200.43,201.34,5808
2025-09-22 13:05:00+05:30,201.34,201.34,201.26,201.26,37
2025-09-22 13:10:00+05:30,201.26,201.26,200.85,200.91,542
2025-09-22 13:15:00+05:30,200.92,200.92,200.82,200.82,24
2025-09-22 13:20:00+05:30,200.82,201.09,200.82,201.08,502
2025-09-22 13:25:00+05:30,201.08,201.08,201.0,201.0,22
2025-09-22 13:30:00+05:30,201.0,201.01,200.91,201.0,162
2025-09-22 13:35:00+05:30,201.0,201.0,200.33,200.47,1461
2025-09-22 13:40:00+05:30,200.47,200.47,200.44,200.44,53
2025-09-22 13:45:00+05:30,200.33,200.45,199.76,199.76,675
2025-09-22 13:50:00+05:30,199.76,200.17,199.76,199.82,1354
2025-09-22 13:55:00+05:30,199.9,200.15,199.81,199.84,344
2025-09-22 14:00:00+05:30,199.84,199.96,199.84,199.84,55
2025-09-22 14:05:00+05:30,199.84,200.04,199.84,199.99,47
2025-09-22 14:10:00+05:30,199.99,200.1,199.99,200.03,77
2025-09-22 14:15:00+05:30,200.03,200.19,200.03,200.03,60
2025-09-22 14:20:00+05:30,200.03,200.24,200.03,200.03,107
2025-09-22 14:25:00+05:30,200.03,200.11,199.85,199.94,762
2025-09-22 14:30:00+05:30,200.11,200.11,199.94,199.96,73
2025-09-22 14:35:00+05:30,199.96,199.96,199.45,199.45,2461
2025-09-22 14:40:00+05:30,199.45,199.65,199.45,199.45,557
2025-09-22 14:45:00+05:30,199.45,199.63,199.45,199.47,705
2025-09-22 14:50:00+05:30,199.47,199.64,199.47,199.48,164
2025-09-22 14:55:00+05:30,199.48,199.62,199.47,199.47,240
2025-09-22 15:00:00+05:30,199.63,199.63,199.47,199.54,739
2025-09-22 15:05:00+05:30,199.54,199.63,199.45,199.45,583
2025-09-22 15:10:00+05:30,199.45,199.58,198.88,199.05,3051
2025-09-22 15:15:00+05:30,199.1,199.1,198.81,198.81,3651
2025-09-22 15:20:00+05:30,198.99,199.62,198.95,199.06,4978
2025-09-22 15:25:00+05:30,199.13,199.64,198.66,198.66,2907
2025-09-23 09:15:00+05:30,200.08,200.08,199.17,200.02,1652
2025-09-23 09:20:00+05:30,200.02,200.02,198.37,198.37,4838
2025-09-23 09:25:00+05:30,198.37,198.95,197.96,198.08,3834
2025-09-23 09:30:00+05:30,198.08,198.08,197.29,197.86,1098
2025-09-23 09:35:00+05:30,197.86,198.6,197.86,198.47,594
2025-09-23 09:40:00+05:30,198.47,198.47,198.17,198.27,161
2025-09-23 09:45:00+05:30,198.27,198.39,198.0,198.26,993
2025-09-23 09:50:00+05:30,198.26,198.34,197.93,197.93,110
2025-09-23 09:55:00+05:30,197.93,198.16,197.64,198.16,1016
2025-09-23 10:00:00+05:30,198.16,198.16,196.82,197.48,3125
2025-09-23 10:05:00+05:30,197.48,197.77,197.24,197.77,1394
2025-09-23 10:10:00+05:30,197.21,197.77,197.21,197.77,633
2025-09-23 10:15:00+05:30,197.77,198.06,197.4,197.4,3775
2025-09-23 10:20:00+05:30,197.4,197.52,197.21,197.52,155
2025-09-23 10:25:00+05:30,197.52,197.52,196.71,197.06,1673
2025-09-23 10:30:00+05:30,197.06,197.19,197.06,197.19,520
2025-09-23 10:35:00+05:30,197.19,197.3,197.0,197.0,243
2025-09-23 10:40:00+05:30,197.0,197.24,196.86,196.92,489
2025-09-23 10:45:00+05:30,196.92,197.24,196.88,197.23,2527
2025-09-23 10:50:00+05:30,197.23,197.23,197.2,197.2,50
2025-09-23 10:55:00+05:30,197.2,197.2,197.14,197.14,2
2025-09-23 11:00:00+05:30,197.14,197.18,196.9,196.9,407
2025-09-23 11:05:00+05:30,196.9,197.26,196.9,197.26,153
2025-09-23 11:10:00+05:30,197.26,197.26,196.94,196.94,54
2025-09-23 11:15:00+05:30,196.9,196.9,196.62,196.89,1702
2025-09-23 11:20:00+05:30,196.89,197.06,196.71,196.71,197
2025-09-23 11:25:00+05:30,196.71,197.09,196.71,197.08,183
2025-09-23 11:30:00+05:30,197.08,197.08,196.76,197.0,168
2025-09-23 11:35:00+05:30,197.0,197.0,196.78,196.8,201
2025-09-23 11:40:00+05:30,196.8,197.13,196.8,197.13,500
2025-09-23 11:45:00+05:30,197.05,197.05,197.02,197.02,512
2025-09-23 11:50:00+05:30,197.02,197.09,196.97,196.99,117
2025-09-23 11:55:00+05:30,196.99,196.99,196.8,196.8,133
2025-09-23 12:00:00+05:30,196.8,197.09,196.8,196.82,275
2025-09-23 12:05:00+05:30,196.82,196.82,196.82,196.82,0
2025-09-23 12:10:00+05:30,197.02,197.02,196.85,196.85,585
2025-09-23 12:15:00+05:30,196.85,197.13,196.85,197.11,650
2025-09-23 12:20:00+05:30,197.11,197.22,197.0,197.22,372
2025-09-23 12:25:00+05:30,197.22,197.64,197.22,197.64,25
2025-09-23 12:30:00+05:30,197.64,197.69,197.64,197.64,3
2025-09-23 12:35:00+05:30,197.64,197.69,197.5,197.69,224
2025-09-23 12:40:00+05:30,198.01,198.01,197.69,197.69,197
2025-09-23 12:45:00+05:30,197.69,197.8,196.92,196.92,4024
2025-09-23 12:50:00+05:30,196.92,198.76,196.92,198.76,5657
2025-09-23 12:55:00+05:30,198.76,199.42,198.67,199.42,2515
2025-09-23 13:00:00+05:30,199.42,200.37,199.39,200.37,1984
2025-09-23 13:05:00+05:30,200.37,200.72,200.0,200.0,2923
2025-09-23 13:10:00+05:30,200.0,200.0,200.0,200.0,76
2025-09-23 13:15:00+05:30,200.0,200.0,199.74,199.95,212
2025-09-23 13:20:00+05:30,199.74,199.74,199.28,199.28,125
2025-09-23 13:25:00+05:30,199.28,199.48,199.15,199.22,137
2025-09-23 13:30:00+05:30,199.22,199.22,199.22,199.22,0
2025-09-23 13:35:00+05:30,199.22,199.22,199.07,199.07,190
2025-09-23 13:40:00+05:30,199.07,199.15,198.96,198.97,379
2025-09-23 13:45:00+05:30,198.97,199.32,198.97,199.32,140
2025-09-23 13:50:00+05:30,199.32,199.4,199.17,199.17,101
2025-09-23 13:55:00+05:30,199.17,199.17,198.9,198.9,114
2025-09-23 14:00:00+05:30,198.56,198.67,198.28,198.38,392
2025-09-23 14:05:00+05:30,198.38,198.85,198.18,198.62,379
2025-09-23 14:10:00+05:30,198.18,198.61,198.08,198.14,33
2025-09-23 14:15:00+05:30,198.14,198.66,198.1,198.37,501
2025-09-23 14:20:00+05:30,198.37,198.6,198.25,198.28,54
2025-09-23 14:25:00+05:30,198.28,198.89,198.28,198.89,587
2025-09-23 14:30:00+05:30,198.89,199.11,198.77,198.86,33
2025-09-23 14:35:00+05:30,198.86,199.07,198.86,198.86,33
2025-09-23 14:40:00+05:30,198.86,198.9,198.86,198.88,35
2025-09-23 14:45:00+05:30,198.88,198.88,198.76,198.82,566
2025-09-23 14:50:00+05:30,198.82,198.85,198.81,198.84,81
2025-09-23 14:55:00+05:30,198.82,199.04,198.7,198.74,148
2025-09-23 15:00:00+05:30,199.07,199.07,198.1,198.53,1398
2025-09-23 15:05:00+05:30,198.53,198.7,198.1,198.31,983
2025-09-23 15:10:00+05:30,198.3,198.32,198.14,198.14,1091
2025-09-23 15:15:00+05:30,198.14,199.15,198.14,199.15,1836
2025-09-23 15:20:00+05:30,198.86,199.06,198.76,199.05,1014
2025-09-23 15:25:00+05:30,199.05,200.57,198.66,200.57,2105
2025-09-24 09:15:00+05:30,198.47,198.57,197.72,197.92,830
2025-09-24 09:20:00+05:30,197.38,197.91,197.26,197.91,972
2025-09-24 09:25:00+05:30,198.6,198.6,197.7,198.08,967
2025-09-24 09:30:00+05:30,198.08,198.62,198.08,198.17,497
2025-09-24 09:35:00+05:30,198.17,198.66,198.17,198.63,628
2025-09-24 09:40:00+05:30,198.75,199.15,198.66,199.15,2508
2025-09-24 09:45:00+05:30,200.82,202.69,200.79,201.42,16557
2025-09-24 09:50:00+05:30,201.23,201.52,200.77,200.77,821
2025-09-24 09:55:00+05:30,200.77,201.21,200.77,200.99,1072
2025-09-24 10:00:00+05:30,200.99,201.6,200.99,201.4,1539
2025-09-24 10:05:00+05:30,201.4,201.82,201.31,201.82,781
2025-09-24 10:10:00+05:30,201.82,201.87,201.6,201.6,564
2025-09-24 10:15:00+05:30,201.6,201.73,201.23,201.23,395
2025-09-24 10:20:00+05:30,201.23,201.5,201.23,201.36,110
2025-09-24 10:25:00+05:30,201.36,201.36,200.84,201.02,2648
2025-09-24 10:30:00+05:30,201.02,201.02,200.26,200.31,502
2025-09-24 10:35:00+05:30,200.31,200.31,200.23,200.23,21
2025-09-24 10:40:00+05:30,200.23,200.23,199.82,200.08,421
2025-09-24 10:45:00+05:30,200.08,200.08,199.15,199.52,2863
2025-09-24 10:50:00+05:30,199.52,200.12,199.52,199.8,1443
2025-09-24 10:55:00+05:30,199.8,199.82,199.52,199.82,46
2025-09-24 11:00:00+05:30,199.52,199.68,199.07,199.07,735
2025-09-24 11:05:00+05:30,199.07,199.07,199.07,199.07,0
2025-09-24 11:10:00+05:30,199.07,199.07,199.07,199.07,703
2025-09-24 11:15:00+05:30,199.07,199.39,199.07,199.07,164
2025-09-24 11:20:00+05:30,199.07,199.24,198.91,199.24,350
2025-09-24 11:25:00+05:30,199.24,199.24,199.24,199.24,0
2025-09-24 11:30:00+05:30,199.24,199.24,199.0,199.0,79
2025-09-24 11:35:00+05:30,199.0,199.64,199.0,199.64,648
2025-09-24 11:40:00+05:30,199.64,199.64,199.64,199.64,0
2025-09-24 11:45:00+05:30,199.64,199.74,199.4,199.74,327
2025-09-24 11:50:00+05:30,199.74,199.74,199.74,199.74,10
2025-09-24 11:55:00+05:30,199.74,199.74,199.74,199.74,0
2025-09-24 12:00:00+05:30,199.74,199.74,199.46,199.46,50
2025-09-24 12:05:00+05:30,199.46,199.89,199.4,199.89,425
2025-09-24 12:10:00+05:30,199.89,199.89,199.89,199.89,0
2025-09-24 12:15:00+05:30,199.89,199.89,199.53,199.53,1
2025-09-24 12:20:00+05:30,199.53,199.53,199.42,199.5,130
2025-09-24 12:25:00+05:30,199.5,199.72,199.5,199.72,10
2025-09-24 12:30:00+05:30,199.72,199.72,199.4,199.54,393
2025-09-24 12:35:00+05:30,199.51,199.51,199.4,199.4,21
2025-09-24 12:40:00+05:30,199.4,199.4,199.4,199.4,857
2025-09-24 12:45:00+05:30,199.4,199.4,199.22,199.22,18
2025-09-24 12:50:00+05:30,199.22,199.49,199.18,199.49,25
2025-09-24 12:55:00+05:30,199.49,200.1,199.49,200.02,3345
2025-09-24 13:00:00+05:30,200.02,200.41,200.02,200.41,9
2025-09-24 13:05:00+05:30,200.41,200.41,200.41,200.41,2015
2025-09-24 13:10:00+05:30,200.41,200.41,200.41,200.41,0
2025-09-24 13:15:00+05:30,200.41,200.44,200.41,200.44,1
2025-09-24 13:20:00+05:30,200.44,200.44,199.84,199.84,200
2025-09-24 13:25:00+05:30,199.84,199.88,199.84,199.88,19
2025-09-24 13:30:00+05:30,199.88,199.88,199.85,199.85,25
2025-09-24 13:35:00+05:30,199.85,199.85,199.68,199.68,300
2025-09-24 13:40:00+05:30,199.68,199.7,199.67,199.7,122
2025-09-24 13:45:00+05:30,199.7,199.97,199.64,199.97,105
2025-09-24 13:50:00+05:30,199.97,199.97,199.97,199.97,0
2025-09-24 13:55:00+05:30,199.97,199.97,199.97,199.97,0
2025-09-24 14:00:00+05:30,199.97,199.97,199.91,199.91,6
2025-09-24 14:05:00+05:30,199.91,199.91,199.91,199.91,0
2025-09-24 14:10:00+05:30,199.91,199.91,199.91,199.91,0
2025-09-24 14:15:00+05:30,199.57,199.6,199.57,199.6,7
2025-09-24 14:20:00+05:30,199.6,199.6,199.57,199.57,9
2025-09-24 14:25:00+05:30,199.57,199.91,199.57,199.59,54
2025-09-24 14:30:00+05:30,199.59,199.63,199.54,199.59,61
2025-09-24 14:35:00+05:30,199.59,199.59,198.81,198.81,1508
2025-09-24 14:40:00+05:30,198.81,198.97,198.76,198.77,789
2025-09-24 14:45:00+05:30,198.76,198.96,198.76,198.76,60
2025-09-24 14:50:00+05:30,198.76,198.77,198.17,198.37,1150
2025-09-24 14:55:00+05:30,198.37,199.13,198.3,199.13,1569
2025-09-24 15:00:00+05:30,199.15,200.56,198.67,200.03,5044
2025-09-24 15:05:00+05:30,199.64,203.16,199.64,201.45,15384
2025-09-24 15:10:00+05:30,201.81,202.58,201.68,201.9,10244
2025-09-24 15:15:00+05:30,201.95,202.72,201.95,202.58,12614
2025-09-24 15:20:00+05:30,202.59,203.07,201.68,201.68,8045
2025-09-24 15:25:00+05:30,201.68,202.16,199.94,201.66,6221
2025-09-25 09:15:00+05:30,200.96,200.96,199.91,199.91,460
2025-09-25 09:20:00+05:30,199.91,200.83,199.89,200.27,1458
2025-09-25 09:25:00+05:30,200.27,200.38,199.89,199.89,1772
2025-09-25 09:30:00+05:30,199.89,199.94,199.13,199.85,1892
2025-09-25 09:35:00+05:30,199.85,199.85,198.79,199.44,343
2025-09-25 09:40:00+05:30,199.44,200.23,199.18,200.23,333
2025-09-25 09:45:00+05:30,200.23,200.23,199.46,199.46,1220
2025-09-25 09:50:00+05:30,199.46,200.1,199.46,200.1,71
2025-09-25 09:55:00+05:30,200.1,200.75,200.02,200.73,612
2025-09-25 10:00:00+05:30,200.73,200.73,200.62,200.62,231
2025-09-25 10:05:00+05:30,200.62,201.5,200.62,200.62,6964
2025-09-25 10:10:00+05:30,200.62,201.75,200.62,201.62,3213
2025-09-25 10:15:00+05:30,201.62,201.79,201.6,201.6,1116
2025-09-25 10:20:00+05:30,201.6,202.11,201.6,201.64,6449
2025-09-25 10:25:00+05:30,201.64,201.64,201.27,201.27,276
2025-09-25 10:30:00+05:30,201.27,201.27,200.93,201.11,1285
2025-09-25 10:35:00+05:30,201.11,201.11,200.78,200.78,35
2025-09-25 10:40:00+05:30,200.78,200.91,200.17,200.26,553
2025-09-25 10:45:00+05:30,200.26,200.26,199.74,200.14,236
2025-09-25 10:50:00+05:30,200.14,200.45,200.14,200.14,225
2025-09-25 10:55:00+05:30,200.14,200.14,200.0,200.0,162
2025-09-25 11:00:00+05:30,200.0,200.37,198.71,199.3,3173
2025-09-25 11:05:00+05:30,199.3,199.59,199.08,199.32,626
2025-09-25 11:10:00+05:30,199.32,199.44,199.31,199.43,54
2025-09-25 11:15:00+05:30,199.43,199.43,198.66,198.88,1620
2025-09-25 11:20:00+05:30,198.88,199.06,198.87,198.96,195
2025-09-25 11:25:00+05:30,198.96,199.3,198.95,199.3,223
2025-09-25 11:30:00+05:30,199.3,199.3,199.18,199.25,3
2025-09-25 11:35:00+05:30,199.25,199.45,199.25,199.25,174
2025-09-25 11:40:00+05:30,199.25,199.59,199.25,199.59,809
2025-09-25 11:45:00+05:30,199.5,199.5,199.02,199.02,524
2025-09-25 11:50:00+05:30,199.1,199.1,199.1,199.1,3
2025-09-25 11:55:00+05:30,199.1,199.1,198.97,198.97,298
2025-09-25 12:00:00+05:30,198.97,198.97,198.62,198.62,500
2025-09-25 12:05:00+05:30,198.62,198.74,198.57,198.74,6
2025-09-25 12:10:00+05:30,198.74,198.87,198.57,198.57,1678
2025-09-25 12:15:00+05:30,198.57,199.06,198.57,198.96,797
2025-09-25 12:20:00+05:30,198.96,198.96,198.92,198.92,5
2025-09-25 12:25:00+05:30,198.92,198.92,198.66,198.66,259
2025-09-25 12:30:00+05:30,198.66,198.66,198.66,198.66,0
2025-09-25 12:35:00+05:30,198.71,198.71,198.66,198.71,561
2025-09-25 12:40:00+05:30,198.71,198.71,198.22,198.42,1121
2025-09-25 12:45:00+05:30,198.42,198.45,198.3,198.3,56
2025-09-25 12:50:00+05:30,198.3,198.3,197.91,198.24,291
2025-09-25 12:55:00+05:30,198.24,198.24,197.78,198.08,1201
2025-09-25 13:00:00+05:30,198.08,198.51,198.08,198.51,294
2025-09-25 13:05:00+05:30,198.51,198.51,198.25,198.25,53
2025-09-25 13:10:00+05:30,198.25,198.25,197.82,197.82,102
2025-09-25 13:15:00+05:30,197.82,198.23,197.82,198.23,1134
2025-09-25 13:20:00+05:30,198.23,198.23,198.09,198.21,54
2025-09-25 13:25:00+05:30,198.21,198.21,198.13,198.15,64
2025-09-25 13:30:00+05:30,198.15,198.37,197.98,198.37,1047
2025-09-25 13:35:00+05:30,198.37,198.42,198.37,198.42,5
2025-09-25 13:40:00+05:30,198.42,198.43,198.06,198.06,194
2025-09-25 13:45:00+05:30,198.27,198.4,198.06,198.19,167
2025-09-25 13:50:00+05:30,198.19,198.23,198.15,198.23,63
2025-09-25 13:55:00+05:30,198.23,198.38,198.23,198.38,1
2025-09-25 14:00:00+05:30,198.38,198.52,198.38,198.52,109
2025-09-25 14:05:00+05:30,198.52,198.54,198.52,198.54,50
2025-09-25 14:10:00+05:30,198.54,198.54,198.23,198.23,325
2025-09-25 14:15:00+05:30,198.23,198.23,197.29,197.53,3199
2025-09-25 14:20:00+05:30,197.53,197.54,196.71,197.14,2337
2025-09-25 14:25:00+05:30,197.14,197.36,197.0,197.27,276
2025-09-25 14:30:00+05:30,197.27,197.49,197.06,197.21,462
2025-09-25 14:35:00+05:30,197.21,197.44,197.01,197.1,673
2025-09-25 14:40:00+05:30,197.1,197.1,194.93,195.02,11280
2025-09-25 14:45:00+05:30,195.02,195.73,195.02,195.73,652
2025-09-25 14:50:00+05:30,195.73,195.73,194.96,194.96,989
2025-09-25 14:55:00+05:30,194.96,195.6,194.96,195.51,2174
2025-09-25 15:00:00+05:30,195.51,196.11,195.31,195.59,1057
2025-09-25 15:05:00+05:30,195.59,196.42,195.34,195.86,2096
2025-09-25 15:10:00+05:30,195.86,196.0,195.61,195.64,840
2025-09-25 15:15:00+05:30,195.64,195.92,195.6,195.92,580
2025-09-25 15:20:00+05:30,195.92,196.07,195.6,196.07,3637
2025-09-25 15:25:00+05:30,196.07,196.42,195.65,196.41,1827
2025-09-26 09:15:00+05:30,195.83,196.26,194.75,194.75,2762
2025-09-26 09:20:00+05:30,194.75,194.83,194.16,194.48,3060
2025-09-26 09:25:00+05:30,194.48,194.71,193.79,194.71,2398
2025-09-26 09:30:00+05:30,194.11,194.46,193.08,194.4,1957
2025-09-26 09:35:00+05:30,194.13,194.4,193.92,194.38,900
2025-09-26 09:40:00+05:30,194.38,195.31,194.38,195.31,273
2025-09-26 09:45:00+05:30,195.31,195.42,195.04,195.09,768
2025-09-26 09:50:00+05:30,195.09,195.42,195.09,195.33,389
2025-09-26 09:55:00+05:30,195.33,195.42,195.33,195.42,62
2025-09-26 10:00:00+05:30,195.42,195.42,195.03,195.09,128
2025-09-26 10:05:00+05:30,195.09,195.24,194.96,194.97,695
2025-09-26 10:10:00+05:30,195.23,195.33,194.95,194.95,284
2025-09-26 10:15:00+05:30,194.95,195.19,194.95,195.19,121
2025-09-26 10:20:00+05:30,195.19,195.19,194.97,194.97,16
2025-09-26 10:25:00+05:30,194.97,195.2,194.97,194.97,66
2025-09-26 10:30:00+05:30,194.97,194.97,194.77,194.77,230
2025-09-26 10:35:00+05:30,194.77,194.95,194.77,194.95,198
2025-09-26 10:40:00+05:30,194.95,194.95,194.93,194.93,51
2025-09-26 10:45:00+05:30,194.93,195.09,194.93,195.09,8
2025-09-26 10:50:00+05:30,195.09,195.25,195.09,195.09,7
2025-09-26 10:55:00+05:30,195.09,195.09,195.09,195.09,0
2025-09-26 11:00:00+05:30,195.09,195.18,195.09,195.18,10
2025-09-26 11:05:00+05:30,195.18,195.25,194.57,194.95,1172
2025-09-26 11:10:00+05:30,194.95,195.06,194.79,194.95,272
2025-09-26 11:15:00+05:30,194.95,194.95,194.95,194.95,14
2025-09-26 11:20:00+05:30,194.95,194.95,194.85,194.9,62
2025-09-26 11:25:00+05:30,194.9,194.94,194.75,194.94,123
2025-09-26 11:30:00+05:30,194.94,195.15,194.94,194.94,55
2025-09-26 11:35:00+05:30,194.94,194.94,194.52,194.52,101
2025-09-26 11:40:00+05:30,194.52,195.07,194.52,194.95,1435
2025-09-26 11:45:00+05:30,194.95,195.25,194.95,195.25,420
2025-09-26 11:50:00+05:30,195.25,195.25,194.75,194.9,2167
2025-09-26 11:55:00+05:30,194.9,195.24,194.9,195.24,217
2025-09-26 12:00:00+05:30,195.24,197.01,195.24,196.71,3292
2025-09-26 12:05:00+05:30,196.71,197.0,196.71,196.76,849
2025-09-26 12:10:00+05:30,196.76,196.85,196.52,196.52,1154
2025-09-26 12:15:00+05:30,196.52,196.73,196.52,196.72,259
2025-09-26 12:20:00+05:30,196.72,196.76,196.71,196.71,219
2025-09-26 12:25:00+05:30,196.71,196.76,196.71,196.72,201
2025-09-26 12:30:00+05:30,196.72,196.82,196.71,196.82,807
2025-09-26 12:35:00+05:30,196.82,196.82,196.71,196.71,609
2025-09-26 12:40:00+05:30,196.71,199.21,196.71,199.21,3083
2025-09-26 12:45:00+05:30,199.21,199.21,198.66,198.66,2271
2025-09-26 12:50:00+05:30,198.66,198.7,198.66,198.7,2555
2025-09-26 12:55:00+05:30,198.7,198.86,198.66,198.86,3195
2025-09-26 13:00:00+05:30,198.86,201.38,198.55,199.97,11874
2025-09-26 13:05:00+05:30,199.97,201.55,199.97,200.62,7648
2025-09-26 13:10:00+05:30,200.62,201.6,200.13,200.13,10781
2025-09-26 13:15:00+05:30,200.13,200.13,198.25,198.66,1912
2025-09-26 13:20:00+05:30,198.66,198.97,198.39,198.62,1093
2025-09-26 13:25:00+05:30,198.62,198.93,198.62,198.81,1096
2025-09-26 13:30:00+05:30,198.81,198.81,198.23,198.57,1139
2025-09-26 13:35:00+05:30,198.57,198.85,198.27,198.84,549
2025-09-26 13:40:00+05:30,198.84,198.84,198.57,198.57,101
2025-09-26 13:45:00+05:30,198.57,198.57,197.78,197.78,3554
2025-09-26 13:50:00+05:30,197.78,197.78,196.8,197.69,6455
2025-09-26 13:55:00+05:30,197.69,197.79,196.99,196.99,44
2025-09-26 14:00:00+05:30,196.99,197.27,196.9,197.27,1356
2025-09-26 14:05:00+05:30,197.27,197.33,195.37,195.37,5371
2025-09-26 14:10:00+05:30,195.4,196.11,195.4,196.11,2135
2025-09-26 14:15:00+05:30,196.11,196.11,194.75,195.12,3059
2025-09-26 14:20:00+05:30,195.12,195.54,194.9,195.54,991
2025-09-26 14:25:00+05:30,195.54,195.61,195.19,195.22,480
2025-09-26 14:30:00+05:30,195.22,195.87,195.14,195.37,1330
2025-09-26 14:35:00+05:30,195.37,195.37,194.75,194.9,494
2025-09-26 14:40:00+05:30,194.9,195.09,194.77,194.8,1593
2025-09-26 14:45:00+05:30,194.8,194.84,194.55,194.74,1616
2025-09-26 14:50:00+05:30,194.77,195.23,194.6,194.6,628
2025-09-26 14:55:00+05:30,194.62,195.21,194.56,194.81,698
2025-09-26 15:00:00+05:30,194.75,195.22,194.46,194.54,3146
2025-09-26 15:05:00+05:30,194.54,194.73,194.49,194.68,315
2025-09-26 15:10:00+05:30,194.59,194.72,194.52,194.53,2205
2025-09-26 15:15:00+05:30,194.53,195.08,194.53,194.75,478
2025-09-26 15:20:00+05:30,195.01,195.03,194.7,194.82,2225
2025-09-26 15:25:00+05:30,194.82,196.32,193.77,194.75,4634
2025-09-29 09:15:00+05:30,194.95,196.3,194.95,196.22,3343
2025-09-29 09:20:00+05:30,196.22,197.47,196.22,196.86,2133
2025-09-29 09:25:00+05:30,196.86,198.6,196.62,198.51,4290
2025-09-29 09:30:00+05:30,198.51,198.55,197.72,197.72,1898
2025-09-29 09:35:00+05:30,197.72,197.85,197.2,197.2,7598
2025-09-29 09:40:00+05:30,197.2,197.2,197.2,197.2,85
2025-09-29 09:45:00+05:30,197.2,197.5,197.2,197.5,266
2025-09-29 09:50:00+05:30,197.5,197.98,197.3,197.88,420
2025-09-29 09:55:00+05:30,197.88,198.1,197.8,197.84,90
2025-09-29 10:00:00+05:30,197.84,198.33,197.81,198.03,226
2025-09-29 10:05:00+05:30,198.03,198.03,197.9,197.9,40
2025-09-29 10:10:00+05:30,197.9,197.9,197.9,197.9,0
2025-09-29 10:15:00+05:30,197.86,197.98,197.84,197.98,370
2025-09-29 10:20:00+05:30,197.98,197.98,197.69,197.69,1201
2025-09-29 10:25:00+05:30,197.69,197.83,197.69,197.83,600
2025-09-29 10:30:00+05:30,197.69,197.69,197.69,197.69,300
2025-09-29 10:35:00+05:30,197.85,197.85,197.69,197.69,6329
2025-09-29 10:40:00+05:30,197.69,197.94,197.69,197.7,465
2025-09-29 10:45:00+05:30,197.7,197.98,197.69,197.98,422
2025-09-29 10:50:00+05:30,197.98,197.98,197.69,197.69,407
2025-09-29 10:55:00+05:30,197.69,197.91,197.69,197.69,38
2025-09-29 11:00:00+05:30,197.69,197.82,197.69,197.69,174
2025-09-29 11:05:00+05:30,197.69,198.03,197.69,198.03,313
2025-09-29 11:10:00+05:30,198.03,198.03,197.45,197.76,3
2025-09-29 11:15:00+05:30,197.76,197.76,196.47,196.47,507
2025-09-29 11:20:00+05:30,196.47,196.6,196.47,196.6,256
2025-09-29 11:25:00+05:30,196.6,197.85,196.6,197.85,1569
2025-09-29 11:30:00+05:30,197.85,197.85,197.31,197.31,537
2025-09-29 11:35:00+05:30,197.46,197.86,197.46,197.86,67
2025-09-29 11:40:00+05:30,197.86,197.86,197.46,197.46,325
2025-09-29 11:45:00+05:30,197.46,197.82,197.46,197.76,34
2025-09-29 11:50:00+05:30,197.76,197.76,197.2,197.2,714
2025-09-29 11:55:00+05:30,197.2,197.22,197.2,197.22,50
2025-09-29 12:00:00+05:30,197.22,197.61,197.22,197.61,20
2025-09-29 12:05:00+05:30,197.61,197.61,197.2,197.2,190
2025-09-29 12:10:00+05:30,197.2,197.24,197.2,197.24,497
2025-09-29 12:15:00+05:30,197.24,197.3,197.24,197.3,58
2025-09-29 12:20:00+05:30,197.3,197.3,197.3,197.3,0
2025-09-29 12:25:00+05:30,197.3,197.3,197.3,197.3,0
2025-09-29 12:30:00+05:30,197.3,197.57,197.3,197.57,11
2025-09-29 12:35:00+05:30,197.57,197.57,197.2,197.2,730
2025-09-29 12:40:00+05:30,197.2,197.43,197.2,197.2,1455
2025-09-29 12:45:00+05:30,197.2,197.22,197.2,197.2,362
2025-09-29 12:50:00+05:30,197.2,197.2,197.2,197.2,0
2025-09-29 12:55:00+05:30,197.2,197.23,197.2,197.21,126
2025-09-29 13:00:00+05:30,197.21,197.4,197.21,197.4,2
2025-09-29 13:05:00+05:30,197.4,197.4,197.29,197.29,194
2025-09-29 13:10:00+05:30,197.29,197.39,197.27,197.39,50
2025-09-29 13:15:00+05:30,197.39,197.61,197.2,197.61,2984
2025-09-29 13:20:00+05:30,197.61,197.69,197.61,197.69,1157
2025-09-29 13:25:00+05:30,197.69,197.69,197.69,197.69,0
2025-09-29 13:30:00+05:30,197.69,197.71,197.69,197.69,235
2025-09-29 13:35:00+05:30,197.69,198.0,197.69,197.69,41
2025-09-29 13:40:00+05:30,197.69,197.69,196.33,196.33,3651
2025-09-29 13:45:00+05:30,196.33,197.02,196.0,196.0,559
2025-09-29 13:50:00+05:30,196.0,196.0,195.75,195.75,1487
2025-09-29 13:55:00+05:30,195.75,195.76,195.75,195.75,418
2025-09-29 14:00:00+05:30,195.75,196.07,195.16,195.69,593
2025-09-29 14:05:00+05:30,195.69,196.1,195.1,195.26,729
2025-09-29 14:10:00+05:30,195.26,195.26,194.07,194.07,417
2025-09-29 14:15:00+05:30,194.07,194.59,193.87,193.88,661
2025-09-29 14:20:00+05:30,193.88,194.7,193.88,194.6,1245
2025-09-29 14:25:00+05:30,194.6,195.36,194.12,194.64,2359
2025-09-29 14:30:00+05:30,194.64,195.03,194.1,194.1,564
2025-09-29 14:35:00+05:30,194.1,194.7,194.09,194.49,684
2025-09-29 14:40:00+05:30,194.49,195.19,194.49,194.49,517
2025-09-29 14:45:00+05:30,194.49,194.7,193.92,194.28,863
2025-09-29 14:50:00+05:30,194.38,195.12,194.11,194.43,930
2025-09-29 14:55:00+05:30,194.54,194.89,193.92,194.5,1400
2025-09-29 15:00:00+05:30,194.37,195.63,194.37,195.63,1108
2025-09-29 15:05:00+05:30,195.63,196.61,195.29,196.4,1868
2025-09-29 15:10:00+05:30,196.4,196.4,195.36,195.87,933
2025-09-29 15:15:00+05:30,195.87,196.12,194.95,194.95,384
2025-09-29 15:20:00+05:30,194.95,195.94,194.95,195.8,1391
2025-09-29 15:25:00+05:30,195.8,198.08,195.43,198.08,1605
2025-09-30 09:15:00+05:30,196.09,196.09,195.1,195.76,551
2025-09-30 09:20:00+05:30,195.76,196.93,195.76,196.08,7296
2025-09-30 09:25:00+05:30,196.08,196.71,195.83,196.03,617
2025-09-30 09:30:00+05:30,196.03,196.48,195.73,196.48,613
2025-09-30 09:35:00+05:30,196.48,196.48,196.48,196.48,40
2025-09-30 09:40:00+05:30,196.48,196.48,196.04,196.04,191
2025-09-30 09:45:00+05:30,196.04,196.04,195.89,195.9,238
2025-09-30 09:50:00+05:30,195.9,196.04,195.58,195.94,167
2025-09-30 09:55:00+05:30,195.94,197.59,195.64,196.71,3344
2025-09-30 10:00:00+05:30,196.71,196.71,195.83,196.04,5621
2025-09-30 10:05:00+05:30,196.04,197.96,195.53,195.54,7397
2025-09-30 10:10:00+05:30,195.54,195.83,195.52,195.73,959
2025-09-30 10:15:00+05:30,195.73,195.73,195.54,195.54,432
2025-09-30 10:20:00+05:30,195.53,195.53,195.44,195.52,858
2025-09-30 10:25:00+05:30,195.52,195.52,194.63,194.63,1380
2025-09-30 10:30:00+05:30,194.63,195.08,194.63,195.08,1310
2025-09-30 10:35:00+05:30,195.08,195.08,194.75,194.75,342
2025-09-30 10:40:00+05:30,194.75,194.78,194.75,194.78,57
2025-09-30 10:45:00+05:30,194.78,194.95,194.78,194.95,75
2025-09-30 10:50:00+05:30,194.95,194.95,194.55,194.55,500
2025-09-30 10:55:00+05:30,194.55,194.56,194.55,194.56,150
2025-09-30 11:00:00+05:30,194.56,195.51,194.56,195.45,1024
2025-09-30 11:05:00+05:30,195.45,195.45,195.28,195.28,85
2025-09-30 11:10:00+05:30,195.28,195.69,195.28,195.69,765
2025-09-30 11:15:00+05:30,195.69,195.69,195.04,195.04,18
2025-09-30 11:20:00+05:30,195.04,195.34,195.04,195.16,405
2025-09-30 11:25:00+05:30,195.16,195.16,195.16,195.16,0
2025-09-30 11:30:00+05:30,195.16,195.16,194.98,194.98,658
2025-09-30 11:35:00+05:30,194.98,195.3,194.98,195.3,5
2025-09-30 11:40:00+05:30,195.3,195.61,195.13,195.61,495
2025-09-30 11:45:00+05:30,195.61,195.61,194.75,194.75,801
2025-09-30 11:50:00+05:30,194.75,194.85,194.75,194.85,2
2025-09-30 11:55:00+05:30,194.85,195.07,194.85,195.05,11
2025-09-30 12:00:00+05:30,195.05,195.05,194.78,194.83,52
2025-09-30 12:05:00+05:30,194.83,195.18,194.83,194.86,225
2025-09-30 12:10:00+05:30,194.86,195.36,194.86,195.36,200
2025-09-30 12:15:00+05:30,195.36,195.4,195.36,195.4,50
2025-09-30 12:20:00+05:30,195.4,195.4,195.4,195.4,0
2025-09-30 12:25:00+05:30,195.4,195.59,195.32,195.32,211
2025-09-30 12:30:00+05:30,195.32,195.63,195.24,195.63,254
2025-09-30 12:35:00+05:30,195.76,196.92,195.76,196.91,2757
2025-09-30 12:40:00+05:30,196.91,197.43,196.91,197.43,379
2025-09-30 12:45:00+05:30,197.43,197.69,197.43,197.69,954
2025-09-30 12:50:00+05:30,197.69,197.69,197.2,197.2,471
2025-09-30 12:55:00+05:30,197.2,198.17,197.2,197.95,2493
2025-09-30 13:00:00+05:30,197.95,197.95,196.86,196.86,1352
2025-09-30 13:05:00+05:30,196.86,196.88,196.86,196.88,23
2025-09-30 13:10:00+05:30,196.88,197.73,196.77,197.73,1463
2025-09-30 13:15:00+05:30,197.73,197.73,197.24,197.24,11
2025-09-30 13:20:00+05:30,197.24,197.88,197.24,197.5,1153
2025-09-30 13:25:00+05:30,197.5,197.5,197.46,197.46,2
2025-09-30 13:30:00+05:30,197.46,197.69,197.46,197.69,1550
2025-09-30 13:35:00+05:30,197.69,197.69,196.97,196.97,483
2025-09-30 13:40:00+05:30,197.69,197.7,197.3,197.3,391
2025-09-30 13:45:00+05:30,197.3,197.39,197.3,197.39,2
2025-09-30 13:50:00+05:30,197.39,197.39,197.39,197.39,0
2025-09-30 13:55:00+05:30,197.39,197.39,197.33,197.36,80
2025-09-30 14:00:00+05:30,197.36,197.36,197.16,197.16,311
2025-09-30 14:05:00+05:30,197.16,197.53,197.16,197.53,2
2025-09-30 14:10:00+05:30,197.53,197.53,196.95,197.2,1386
2025-09-30 14:15:00+05:30,197.2,197.2,196.71,197.11,1402
2025-09-30 14:20:00+05:30,197.11,197.95,197.11,197.77,7308
2025-09-30 14:25:00+05:30,197.77,198.36,197.71,197.96,1830
2025-09-30 14:30:00+05:30,197.96,203.51,197.96,201.99,115686
2025-09-30 14:35:00+05:30,201.89,202.58,201.6,201.91,25805
2025-09-30 14:40:00+05:30,201.91,202.19,201.8,201.98,2214
2025-09-30 14:45:00+05:30,201.98,201.98,201.6,201.84,12832
2025-09-30 14:50:00+05:30,201.84,202.08,201.62,202.01,4604
2025-09-30 14:55:00+05:30,201.85,201.89,201.6,201.6,8230
2025-09-30 15:00:00+05:30,201.6,201.98,201.6,201.7,6544
2025-09-30 15:05:00+05:30,201.7,201.98,201.61,201.97,3715
2025-09-30 15:10:00+05:30,201.98,202.58,201.65,202.26,6814
2025-09-30 15:15:00+05:30,202.3,202.33,201.7,201.89,3830
2025-09-30 15:20:00+05:30,201.99,202.04,201.6,201.6,11678
2025-09-30 15:25:00+05:30,201.59,202.09,201.11,201.6,6517
2025-10-01 09:15:00+05:30,201.6,202.58,201.21,201.29,1459
2025-10-01 09:20:00+05:30,201.29,201.29,200.45,200.68,1529
2025-10-01 09:25:00+05:30,201.05,201.21,200.67,201.21,431
2025-10-01 09:30:00+05:30,201.21,201.21,201.09,201.09,31
2025-10-01 09:35:00+05:30,201.09,201.18,200.86,200.86,230
2025-10-01 09:40:00+05:30,200.86,201.18,200.68,200.68,358
2025-10-01 09:45:00+05:30,200.68,200.91,200.48,200.82,449
2025-10-01 09:50:00+05:30,200.84,200.84,199.89,200.01,782
2025-10-01 09:55:00+05:30,200.01,200.01,199.89,199.89,30
2025-10-01 10:00:00+05:30,199.87,199.87,199.67,199.77,96
2025-10-01 10:05:00+05:30,199.77,199.77,198.86,199.15,2322
2025-10-01 10:10:00+05:30,199.15,199.28,198.97,199.28,472
2025-10-01 10:15:00+05:30,199.28,199.43,199.11,199.43,157
2025-10-01 10:20:00+05:30,198.95,199.6,198.95,199.49,366
2025-10-01 10:25:00+05:30,199.49,199.64,199.49,199.64,101
2025-10-01 10:30:00+05:30,199.59,199.74,199.52,199.52,1349
2025-10-01 10:35:00+05:30,199.52,199.86,199.52,199.84,127
2025-10-01 10:40:00+05:30,199.84,199.93,199.84,199.93,30
2025-10-01 10:45:00+05:30,199.93,200.02,199.59,200.02,500
2025-10-01 10:50:00+05:30,200.02,200.02,200.02,200.02,0
2025-10-01 10:55:00+05:30,200.02,200.34,199.97,199.97,82
2025-10-01 11:00:00+05:30,200.22,200.22,199.64,199.95,481
2025-10-01 11:05:00+05:30,199.95,200.25,199.95,200.21,117
2025-10-01 11:10:00+05:30,200.21,200.22,200.11,200.11,108
2025-10-01 11:15:00+05:30,199.59,200.12,199.59,200.12,2055
2025-10-01 11:20:00+05:30,200.12,201.6,199.64,201.6,3338
2025-10-01 11:25:00+05:30,201.6,201.6,201.38,201.38,224
2025-10-01 11:30:00+05:30,201.38,201.38,200.91,200.91,221
2025-10-01 11:35:00+05:30,200.91,201.79,200.65,201.72,3253
2025-10-01 11:40:00+05:30,201.73,201.73,201.6,201.6,550
2025-10-01 11:45:00+05:30,201.6,201.82,201.45,201.82,294
2025-10-01 11:50:00+05:30,201.82,201.82,200.91,201.26,1073
2025-10-01 11:55:00+05:30,201.26,201.61,200.62,201.6,6874
2025-10-01 12:00:00+05:30,201.6,201.8,201.6,201.6,892
2025-10-01 12:05:00+05:30,201.6,201.84,201.6,201.84,70
2025-10-01 12:10:00+05:30,201.84,201.84,201.6,201.8,150
2025-10-01 12:15:00+05:30,201.6,201.6,201.02,201.02,1030
2025-10-01 12:20:00+05:30,201.02,201.02,200.13,200.48,377
2025-10-01 12:25:00+05:30,200.48,200.62,200.27,200.56,611
2025-10-01 12:30:00+05:30,200.56,200.56,200.27,200.27,10
2025-10-01 12:35:00+05:30,200.27,200.27,200.27,200.27,60
2025-10-01 12:40:00+05:30,200.27,200.27,200.27,200.27,10
2025-10-01 12:45:00+05:30,200.27,200.27,200.19,200.19,60
2025-10-01 12:50:00+05:30,200.19,200.19,200.13,200.13,1241
2025-10-01 12:55:00+05:30,200.13,200.17,200.13,200.17,1
2025-10-01 13:00:00+05:30,200.17,200.56,200.17,200.56,1094
2025-10-01 13:05:00+05:30,200.56,200.56,200.51,200.51,2
2025-10-01 13:10:00+05:30,200.51,200.51,200.47,200.47,51
2025-10-01 13:15:00+05:30,200.5,200.52,200.43,200.43,79
2025-10-01 13:20:00+05:30,200.43,200.43,200.13,200.13,622
2025-10-01 13:25:00+05:30,200.13,200.49,200.13,200.49,20
2025-10-01 13:30:00+05:30,200.49,200.49,200.49,200.49,50
2025-10-01 13:35:00+05:30,200.49,200.49,200.19,200.19,1
2025-10-01 13:40:00+05:30,200.19,200.19,200.18,200.18,185
2025-10-01 13:45:00+05:30,200.18,201.21,200.18,201.01,991
2025-10-01 13:50:00+05:30,201.01,201.01,200.9,200.9,184
2025-10-01 13:55:00+05:30,200.9,201.17,200.87,200.87,67
2025-10-01 14:00:00+05:30,200.87,201.1,200.79,200.79,32
2025-10-01 14:05:00+05:30,200.79,200.79,200.79,200.79,0
2025-10-01 14:10:00+05:30,200.79,200.79,200.61,200.61,4630
2025-10-01 14:15:00+05:30,200.61,201.15,199.82,201.15,2664
2025-10-01 14:20:00+05:30,201.15,201.35,200.8,200.8,1369
2025-10-01 14:25:00+05:30,200.8,201.39,200.66,201.21,940
2025-10-01 14:30:00+05:30,201.21,201.36,201.21,201.21,50
2025-10-01 14:35:00+05:30,201.02,201.02,200.63,200.73,115
2025-10-01 14:40:00+05:30,200.73,200.79,200.73,200.79,100
2025-10-01 14:45:00+05:30,200.79,201.02,200.72,200.72,117
2025-10-01 14:50:00+05:30,200.72,201.1,200.43,200.43,816
2025-10-01 14:55:00+05:30,200.43,200.62,200.43,200.62,374
2025-10-01 15:00:00+05:30,200.71,201.09,200.71,200.85,1687
2025-10-01 15:05:00+05:30,200.85,201.31,200.85,201.31,638
2025-10-01 15:10:00+05:30,201.31,201.31,200.93,200.94,190
2025-10-01 15:15:00+05:30,200.94,201.6,200.94,201.6,672
2025-10-01 15:20:00+05:30,201.6,201.6,200.13,201.5,1264
2025-10-01 15:25:00+05:30,201.5,201.55,200.14,201.51,2466
2025-10-03 09:15:00+05:30,200.95,200.95,199.89,199.89,326
2025-10-03 09:20:00+05:30,199.89,200.44,199.89,200.44,344
2025-10-03 09:25:00+05:30,200.44,200.44,199.54,199.88,3617
2025-10-03 09:30:00+05:30,199.88,200.43,199.66,199.99,1276
2025-10-03 09:35:00+05:30,199.99,200.27,199.16,199.89,2867
2025-10-03 09:40:00+05:30,199.89,199.89,199.69,199.74,868
2025-10-03 09:45:00+05:30,200.06,200.13,200.0,200.13,256
2025-10-03 09:50:00+05:30,200.13,200.13,199.84,200.12,145
2025-10-03 09:55:00+05:30,200.13,200.28,199.64,199.64,1582
2025-10-03 10:00:00+05:30,199.68,199.93,199.64,199.93,191
2025-10-03 10:05:00+05:30,199.93,200.62,199.9,199.9,2223
2025-10-03 10:10:00+05:30,199.9,200.28,199.74,199.74,401
2025-10-03 10:15:00+05:30,199.74,200.27,199.65,199.65,1733
2025-10-03 10:20:00+05:30,199.65,200.04,199.65,199.67,886
2025-10-03 10:25:00+05:30,199.67,199.96,199.67,199.93,48
2025-10-03 10:30:00+05:30,199.93,200.21,199.84,200.16,679
2025-10-03 10:35:00+05:30,200.16,200.16,199.77,199.91,134
2025-10-03 10:40:00+05:30,199.67,200.13,199.67,199.7,577
2025-10-03 10:45:00+05:30,199.64,199.7,199.45,199.68,1084
2025-10-03 10:50:00+05:30,199.68,199.68,199.39,199.39,154
2025-10-03 10:55:00+05:30,199.39,199.39,199.39,199.39,0
2025-10-03 11:00:00+05:30,199.39,199.86,199.39,199.55,534
2025-10-03 11:05:00+05:30,199.55,200.1,199.55,199.83,2259
2025-10-03 11:10:00+05:30,199.83,200.09,199.72,200.09,245
2025-10-03 11:15:00+05:30,200.09,200.16,200.08,200.16,1994
2025-10-03 11:20:00+05:30,200.16,200.27,199.88,199.98,662
2025-10-03 11:25:00+05:30,199.98,199.98,199.97,199.97,5
2025-10-03 11:30:00+05:30,199.97,199.97,199.64,199.64,241
2025-10-03 11:35:00+05:30,199.64,199.89,199.64,199.89,10
2025-10-03 11:40:00+05:30,199.89,199.89,199.53,199.53,72
2025-10-03 11:45:00+05:30,199.53,199.84,199.53,199.84,37
2025-10-03 11:50:00+05:30,199.84,199.84,199.84,199.84,1550
2025-10-03 11:55:00+05:30,199.84,199.84,199.84,199.84,818
2025-10-03 12:00:00+05:30,199.84,199.84,199.33,199.65,483
2025-10-03 12:05:00+05:30,199.65,200.62,199.61,200.62,6352
2025-10-03 12:10:00+05:30,200.62,200.62,200.45,200.45,1
2025-10-03 12:15:00+05:30,200.45,200.45,200.15,200.15,129
2025-10-03 12:20:00+05:30,200.15,201.03,200.15,201.03,1642
2025-10-03 12:25:00+05:30,201.03,201.55,201.03,201.55,1612
2025-10-03 12:30:00+05:30,201.55,201.55,201.04,201.04,221
2025-10-03 12:35:00+05:30,201.04,201.04,200.7,201.04,922
2025-10-03 12:40:00+05:30,201.04,201.22,201.04,201.21,293
2025-10-03 12:45:00+05:30,201.21,201.79,201.21,201.47,2263
2025-10-03 12:50:00+05:30,201.47,202.53,201.47,202.53,1915
2025-10-03 12:55:00+05:30,202.53,202.99,202.53,202.63,4435
2025-10-03 13:00:00+05:30,203.02,203.02,202.68,202.68,911
2025-10-03 13:05:00+05:30,202.71,202.95,202.58,202.62,963
2025-10-03 13:10:00+05:30,202.62,202.63,201.7,202.34,2672
2025-10-03 13:15:00+05:30,202.34,202.34,201.64,201.64,223
2025-10-03 13:20:00+05:30,201.64,201.99,201.64,201.99,117
2025-10-03 13:25:00+05:30,201.95,201.95,201.21,201.21,723
2025-10-03 13:30:00+05:30,201.21,201.64,201.21,201.21,175
2025-10-03 13:35:00+05:30,201.21,201.21,201.21,201.21,0
2025-10-03 13:40:00+05:30,201.21,201.21,201.21,201.21,11
2025-10-03 13:45:00+05:30,201.37,201.55,201.37,201.55,286
2025-10-03 13:50:00+05:30,201.55,201.64,201.55,201.64,705
2025-10-03 13:55:00+05:30,201.64,202.09,201.64,202.09,151
2025-10-03 14:00:00+05:30,202.09,202.28,202.09,202.28,523
2025-10-03 14:05:00+05:30,202.28,202.58,201.89,202.5,2015
2025-10-03 14:10:00+05:30,202.5,202.5,202.11,202.49,171
2025-10-03 14:15:00+05:30,202.49,202.49,202.21,202.48,28
2025-10-03 14:20:00+05:30,202.48,202.48,202.48,202.48,110
2025-10-03 14:25:00+05:30,202.48,202.48,202.06,202.06,195
2025-10-03 14:30:00+05:30,202.53,202.81,202.18,202.67,7379
2025-10-03 14:35:00+05:30,202.67,203.41,202.67,203.41,3627
2025-10-03 14:40:00+05:30,203.41,203.46,203.07,203.08,6034
2025-10-03 14:45:00+05:30,203.08,204.54,203.08,203.95,8069
2025-10-03 14:50:00+05:30,203.95,204.54,203.95,204.54,2877
2025-10-03 14:55:00+05:30,204.54,205.42,204.53,204.53,5197
2025-10-03 15:00:00+05:30,204.52,204.52,202.54,203.52,7204
2025-10-03 15:05:00+05:30,203.52,203.56,203.1,203.3,1778
2025-10-03 15:10:00+05:30,203.3,203.3,203.06,203.29,1219
2025-10-03 15:15:00+05:30,203.29,203.36,203.1,203.34,1886
2025-10-03 15:20:00+05:30,203.35,203.4,203.17,203.26,2079
2025-10-03 15:25:00+05:30,203.26,203.66,203.17,203.56,4237
2025-10-06 09:15:00+05:30,203.27,203.27,201.75,201.75,1261
2025-10-06 09:20:00+05:30,201.75,202.29,201.37,201.6,1105
2025-10-06 09:25:00+05:30,201.6,201.74,200.88,201.74,3449
2025-10-06 09:30:00+05:30,201.74,201.74,200.96,201.28,650
2025-10-06 09:35:00+05:30,201.28,201.5,200.89,201.5,399
2025-10-06 09:40:00+05:30,201.5,202.09,201.31,202.09,2034
2025-10-06 09:45:00+05:30,201.96,202.47,200.98,200.98,2219
2025-10-06 09:50:00+05:30,200.98,202.93,200.98,202.24,1580
2025-10-06 09:55:00+05:30,202.24,202.24,201.69,201.74,144
2025-10-06 10:00:00+05:30,201.74,202.05,201.44,201.44,390
2025-10-06 10:05:00+05:30,201.44,201.99,201.25,201.99,700
2025-10-06 10:10:00+05:30,201.99,202.07,201.71,201.95,205
2025-10-06 10:15:00+05:30,201.95,202.09,201.81,201.81,1407
2025-10-06 10:20:00+05:30,201.81,202.58,201.74,201.91,2003
2025-10-06 10:25:00+05:30,201.91,202.58,201.91,202.14,1659
2025-10-06 10:30:00+05:30,202.14,202.51,202.12,202.12,62
2025-10-06 10:35:00+05:30,202.12,202.12,201.7,201.71,1101
2025-10-06 10:40:00+05:30,201.71,201.71,201.11,201.11,1040
2025-10-06 10:45:00+05:30,201.11,201.35,201.11,201.35,75
2025-10-06 10:50:00+05:30,201.35,201.35,200.91,200.91,1331
2025-10-06 10:55:00+05:30,200.91,201.16,200.89,201.16,117
2025-10-06 11:00:00+05:30,201.16,201.32,201.01,201.05,327
2025-10-06 11:05:00+05:30,201.05,201.13,200.73,200.81,465
2025-10-06 11:10:00+05:30,200.81,201.16,200.81,201.16,100
2025-10-06 11:15:00+05:30,201.16,201.16,201.01,201.01,320
2025-10-06 11:20:00+05:30,201.01,201.01,200.84,200.84,270
2025-10-06 11:25:00+05:30,200.82,201.06,200.82,201.06,121
2025-10-06 11:30:00+05:30,201.06,201.06,201.06,201.06,1502
2025-10-06 11:35:00+05:30,201.06,201.06,200.73,201.03,501
2025-10-06 11:40:00+05:30,201.03,201.03,200.73,200.74,314
2025-10-06 11:45:00+05:30,200.74,200.78,200.74,200.78,17
2025-10-06 11:50:00+05:30,200.78,200.78,200.77,200.77,160
2025-10-06 11:55:00+05:30,200.77,200.82,200.43,200.67,1153
2025-10-06 12:00:00+05:30,200.67,200.77,200.67,200.67,4
2025-10-06 12:05:00+05:30,200.67,200.67,200.44,200.44,153
2025-10-06 12:10:00+05:30,200.44,200.62,200.44,200.62,50
2025-10-06 12:15:00+05:30,200.62,200.62,199.77,200.0,1793
2025-10-06 12:20:00+05:30,200.0,200.38,199.94,200.37,211
2025-10-06 12:25:00+05:30,200.37,200.58,200.13,200.55,766
2025-10-06 12:30:00+05:30,200.55,200.55,200.33,200.39,20
2025-10-06 12:35:00+05:30,200.39,200.39,200.27,200.33,272
2025-10-06 12:40:00+05:30,200.33,200.5,200.33,200.5,286
2025-10-06 12:45:00+05:30,200.5,200.59,200.33,200.34,86
2025-10-06 12:50:00+05:30,200.34,200.76,200.34,200.4,657
2025-10-06 12:55:00+05:30,200.4,200.4,200.33,200.34,319
2025-10-06 13:00:00+05:30,200.34,200.64,200.34,200.52,13
2025-10-06 13:05:00+05:30,200.52,200.52,200.52,200.52,175
2025-10-06 13:10:00+05:30,200.52,200.52,200.52,200.52,0
2025-10-06 13:15:00+05:30,200.52,200.52,200.52,200.52,177
2025-10-06 13:20:00+05:30,200.52,200.52,200.35,200.35,390
2025-10-06 13:25:00+05:30,200.35,200.36,200.35,200.35,355
2025-10-06 13:30:00+05:30,200.35,200.35,200.35,200.35,71
2025-10-06 13:35:00+05:30,200.35,200.35,200.35,200.35,123
2025-10-06 13:40:00+05:30,200.35,200.35,200.23,200.35,1672
2025-10-06 13:45:00+05:30,200.35,200.58,200.35,200.58,47
2025-10-06 13:50:00+05:30,200.58,200.58,200.13,200.58,352
2025-10-06 13:55:00+05:30,200.58,200.81,200.35,200.35,372
2025-10-06 14:00:00+05:30,200.35,200.43,200.27,200.27,249
2025-10-06 14:05:00+05:30,200.27,200.35,200.27,200.35,20
2025-10-06 14:10:00+05:30,200.35,200.35,199.94,199.94,241
2025-10-06 14:15:00+05:30,199.94,201.2,199.94,201.2,3763
2025-10-06 14:20:00+05:30,201.2,201.2,200.59,200.59,28
2025-10-06 14:25:00+05:30,200.59,200.59,200.59,200.59,75
2025-10-06 14:30:00+05:30,200.59,200.72,200.35,200.35,48
2025-10-06 14:35:00+05:30,200.35,200.53,200.35,200.41,83
2025-10-06 14:40:00+05:30,200.41,200.61,200.35,200.35,17
2025-10-06 14:45:00+05:30,200.35,200.36,200.33,200.33,353
2025-10-06 14:50:00+05:30,200.06,200.32,199.74,199.85,3494
2025-10-06 14:55:00+05:30,199.85,200.45,199.84,200.12,398
2025-10-06 15:00:00+05:30,200.12,200.47,199.84,199.95,206
2025-10-06 15:05:00+05:30,199.95,200.64,199.95,200.12,2451
2025-10-06 15:10:00+05:30,200.07,200.49,199.69,199.69,1773
2025-10-06 15:15:00+05:30,199.69,200.61,199.69,200.27,524
2025-10-06 15:20:00+05:30,200.41,200.41,199.89,199.9,1075
2025-10-06 15:25:00+05:30,199.9,200.62,199.84,200.62,1154
2025-10-07 09:15:00+05:30,200.23,200.24,198.58,198.76,5761
2025-10-07 09:20:00+05:30,198.76,199.59,198.66,198.75,4875
2025-10-07 09:25:00+05:30,198.75,198.79,198.66,198.66,2112
2025-10-07 09:30:00+05:30,198.66,198.66,197.71,197.71,4214
2025-10-07 09:35:00+05:30,197.71,197.71,197.23,197.38,1405
2025-10-07 09:40:00+05:30,197.38,197.69,197.37,197.61,1357
2025-10-07 09:45:00+05:30,197.61,197.69,197.44,197.59,1099
2025-10-07 09:50:00+05:30,197.59,197.69,197.45,197.49,1599
2025-10-07 09:55:00+05:30,197.49,197.69,197.45,197.47,2589
2025-10-07 10:00:00+05:30,197.49,197.57,196.8,197.35,5868
2025-10-07 10:05:00+05:30,197.35,197.61,196.42,197.2,3952
2025-10-07 10:10:00+05:30,197.2,197.2,196.41,196.76,2506
2025-10-07 10:15:00+05:30,196.76,197.05,196.71,196.91,1704
2025-10-07 10:20:00+05:30,196.91,197.2,196.73,196.91,952
2025-10-07 10:25:00+05:30,196.82,196.98,196.72,196.81,925
2025-10-07 10:30:00+05:30,196.81,197.12,196.73,196.73,1070
2025-10-07 10:35:00+05:30,196.73,196.93,196.71,196.72,828
2025-10-07 10:40:00+05:30,196.72,197.1,196.72,196.82,855
2025-10-07 10:45:00+05:30,196.82,197.13,196.82,196.82,882
2025-10-07 10:50:00+05:30,196.82,197.27,196.72,196.99,1103
2025-10-07 10:55:00+05:30,196.99,197.28,196.72,196.72,2772
2025-10-07 11:00:00+05:30,196.72,196.72,196.71,196.71,1069
2025-10-07 11:05:00+05:30,196.71,196.9,196.71,196.71,843
2025-10-07 11:10:00+05:30,196.71,196.73,195.78,195.85,5260
2025-10-07 11:15:00+05:30,195.85,196.12,195.53,196.12,4823
2025-10-07 11:20:00+05:30,196.12,196.12,195.88,195.92,105
2025-10-07 11:25:00+05:30,196.13,196.22,195.85,195.87,1204
2025-10-07 11:30:00+05:30,195.85,196.16,195.85,195.85,1451
2025-10-07 11:35:00+05:30,195.85,195.97,195.78,195.78,657
2025-10-07 11:40:00+05:30,195.78,195.87,195.73,195.73,1246
2025-10-07 11:45:00+05:30,195.73,195.83,195.73,195.83,297
2025-10-07 11:50:00+05:30,195.83,195.87,195.83,195.83,111
2025-10-07 11:55:00+05:30,195.83,195.88,195.71,195.74,1452
2025-10-07 12:00:00+05:30,195.74,196.4,195.74,196.4,516
2025-10-07 12:05:00+05:30,196.4,196.4,195.53,196.32,2804
2025-10-07 12:10:00+05:30,196.27,196.27,195.85,196.18,283
2025-10-07 12:15:00+05:30,195.89,196.16,195.88,196.09,52
2025-10-07 12:20:00+05:30,196.16,196.2,195.83,195.84,132
2025-10-07 12:25:00+05:30,195.88,195.88,195.73,195.88,112
2025-10-07 12:30:00+05:30,195.88,196.22,195.73,195.73,568
2025-10-07 12:35:00+05:30,195.73,195.88,195.73,195.88,130
2025-10-07 12:40:00+05:30,195.88,195.88,195.87,195.87,1
2025-10-07 12:45:00+05:30,195.7,196.0,195.7,195.73,440
2025-10-07 12:50:00+05:30,195.73,195.78,195.69,195.69,175
2025-10-07 12:55:00+05:30,195.69,195.83,195.69,195.73,428
2025-10-07 13:00:00+05:30,195.73,195.74,195.73,195.73,361
2025-10-07 13:05:00+05:30,195.73,195.85,195.71,195.85,685
2025-10-07 13:10:00+05:30,195.85,195.86,195.7,195.73,65
2025-10-07 13:15:00+05:30,195.73,195.89,195.68,195.73,936
2025-10-07 13:20:00+05:30,195.73,196.2,195.73,195.79,489
2025-10-07 13:25:00+05:30,195.79,195.88,195.79,195.88,114
2025-10-07 13:30:00+05:30,195.88,196.1,195.88,196.1,17
2025-10-07 13:35:00+05:30,196.1,196.1,195.68,195.73,2998
2025-10-07 13:40:00+05:30,195.73,195.73,195.73,195.73,0
2025-10-07 13:45:00+05:30,195.73,196.31,195.73,195.73,5167
2025-10-07 13:50:00+05:30,195.73,195.73,195.68,195.73,1008
2025-10-07 13:55:00+05:30,195.73,195.73,195.59,195.59,667
2025-10-07 14:00:00+05:30,195.59,195.73,195.59,195.73,457
2025-10-07 14:05:00+05:30,195.73,196.01,195.73,195.73,827
2025-10-07 14:10:00+05:30,195.73,195.94,195.64,195.64,476
2025-10-07 14:15:00+05:30,195.64,195.86,195.63,195.85,39
2025-10-07 14:20:00+05:30,195.85,196.0,195.58,195.96,719
2025-10-07 14:25:00+05:30,195.96,196.02,195.65,196.02,298
2025-10-07 14:30:00+05:30,196.02,196.02,195.69,195.78,175
2025-10-07 14:35:00+05:30,195.77,196.11,195.71,195.74,455
2025-10-07 14:40:00+05:30,195.74,196.21,195.74,195.83,513
2025-10-07 14:45:00+05:30,195.83,196.11,195.73,195.79,555
2025-10-07 14:50:00+05:30,195.79,195.79,195.73,195.73,82
2025-10-07 14:55:00+05:30,195.73,196.4,195.73,196.22,1293
2025-10-07 15:00:00+05:30,195.83,196.4,195.83,196.4,3159
2025-10-07 15:05:00+05:30,196.4,196.4,196.08,196.23,696
2025-10-07 15:10:00+05:30,196.23,196.33,196.05,196.07,1055
2025-10-07 15:15:00+05:30,196.24,196.32,195.98,195.98,1292
2025-10-07 15:20:00+05:30,196.22,196.29,195.92,196.13,2916
2025-10-07 15:25:00+05:30,196.14,196.14,195.74,195.83,2946
2025-10-08 09:15:00+05:30,195.73,195.92,195.58,195.87,984
2025-10-08 09:20:00+05:30,195.87,196.36,195.53,196.27,1380
2025-10-08 09:25:00+05:30,196.27,196.32,196.13,196.13,1021
2025-10-08 09:30:00+05:30,196.13,196.13,195.83,195.83,290
2025-10-08 09:35:00+05:30,195.83,196.49,195.83,196.49,1188
2025-10-08 09:40:00+05:30,196.66,197.2,196.66,196.88,677
2025-10-08 09:45:00+05:30,196.88,197.18,196.79,196.79,318
2025-10-08 09:50:00+05:30,196.46,196.46,196.3,196.44,270
2025-10-08 09:55:00+05:30,196.44,196.7,196.44,196.7,10
2025-10-08 10:00:00+05:30,196.7,197.27,196.7,196.92,1641
2025-10-08 10:05:00+05:30,196.92,197.26,196.92,196.94,80
2025-10-08 10:10:00+05:30,196.94,196.94,196.94,196.94,0
2025-10-08 10:15:00+05:30,196.94,196.94,195.97,195.97,1121
2025-10-08 10:20:00+05:30,195.97,196.06,195.83,196.06,64
2025-10-08 10:25:00+05:30,196.06,196.06,196.06,196.06,19
2025-10-08 10:30:00+05:30,196.06,196.06,195.86,195.86,263
2025-10-08 10:35:00+05:30,195.86,195.86,195.85,195.85,130
2025-10-08 10:40:00+05:30,195.85,196.03,195.83,196.03,170
2025-10-08 10:45:00+05:30,196.03,196.03,195.73,195.85,503
2025-10-08 10:50:00+05:30,195.85,196.31,195.85,196.31,750
2025-10-08 10:55:00+05:30,196.31,196.65,195.78,195.78,604
2025-10-08 11:00:00+05:30,195.78,195.92,195.73,195.73,225
2025-10-08 11:05:00+05:30,195.73,195.73,194.8,194.81,1900
2025-10-08 11:10:00+05:30,194.81,195.24,194.8,195.22,2385
2025-10-08 11:15:00+05:30,195.22,195.22,195.11,195.11,5
2025-10-08 11:20:00+05:30,195.11,195.11,195.11,195.11,3
2025-10-08 11:25:00+05:30,195.11,195.23,194.92,194.92,1326
2025-10-08 11:30:00+05:30,194.92,195.32,194.92,195.32,357
2025-10-08 11:35:00+05:30,195.32,195.36,195.01,195.35,207
2025-10-08 11:40:00+05:30,195.35,195.36,195.04,195.36,63
2025-10-08 11:45:00+05:30,195.36,195.36,194.95,194.95,875
2025-10-08 11:50:00+05:30,194.95,195.28,194.95,195.09,2
2025-10-08 11:55:00+05:30,195.09,195.35,195.09,195.35,5
2025-10-08 12:00:00+05:30,195.35,196.72,195.34,196.49,3120
2025-10-08 12:05:00+05:30,196.49,197.54,195.69,196.07,3444
2025-10-08 12:10:00+05:30,196.07,196.07,195.76,195.76,5
2025-10-08 12:15:00+05:30,194.95,195.39,194.95,195.07,4201
2025-10-08 12:20:00+05:30,195.07,195.08,195.07,195.08,1
2025-10-08 12:25:00+05:30,195.08,195.2,195.08,195.17,42
2025-10-08 12:30:00+05:30,195.17,195.17,195.05,195.05,473
2025-10-08 12:35:00+05:30,195.05,195.32,195.05,195.24,2627
2025-10-08 12:40:00+05:30,195.24,195.53,195.24,195.53,30
2025-10-08 12:45:00+05:30,195.53,195.53,195.53,195.53,0
2025-10-08 12:50:00+05:30,195.53,195.79,195.43,195.43,71
2025-10-08 12:55:00+05:30,195.43,195.43,195.43,195.43,0
2025-10-08 13:00:00+05:30,195.43,195.43,195.43,195.43,0
2025-10-08 13:05:00+05:30,195.43,195.43,195.43,195.43,0
2025-10-08 13:10:00+05:30,195.43,195.43,195.43,195.43,0
2025-10-08 13:15:00+05:30,195.76,195.76,195.46,195.46,176
2025-10-08 13:20:00+05:30,195.46,195.84,195.46,195.73,109
2025-10-08 13:25:00+05:30,195.73,195.73,195.73,195.73,0
2025-10-08 13:30:00+05:30,195.73,196.0,195.73,196.0,40
2025-10-08 13:35:00+05:30,196.0,196.0,195.78,195.98,293
2025-10-08 13:40:00+05:30,195.98,195.98,195.78,195.78,28
2025-10-08 13:45:00+05:30,195.78,195.78,195.73,195.73,1206
2025-10-08 13:50:00+05:30,195.73,195.75,195.24,195.24,485
2025-10-08 13:55:00+05:30,195.24,195.24,194.86,194.86,707
2025-10-08 14:00:00+05:30,194.86,195.09,194.38,194.45,4359
2025-10-08 14:05:00+05:30,194.46,194.82,194.46,194.51,398
2025-10-08 14:10:00+05:30,194.51,194.6,194.51,194.51,637
2025-10-08 14:15:00+05:30,194.51,194.56,194.51,194.53,371
2025-10-08 14:20:00+05:30,194.53,194.57,194.51,194.57,338
2025-10-08 14:25:00+05:30,194.57,194.61,194.55,194.55,275
2025-10-08 14:30:00+05:30,194.55,194.68,194.55,194.65,408
2025-10-08 14:35:00+05:30,194.65,194.75,194.55,194.59,946
2025-10-08 14:40:00+05:30,194.59,194.59,194.56,194.56,358
2025-10-08 14:45:00+05:30,194.56,194.74,194.56,194.56,557
2025-10-08 14:50:00+05:30,194.56,194.61,194.56,194.61,381
2025-10-08 14:55:00+05:30,194.61,194.61,194.56,194.56,412
2025-10-08 15:00:00+05:30,194.56,194.64,194.56,194.63,545
2025-10-08 15:05:00+05:30,194.63,194.86,194.61,194.62,1083
2025-10-08 15:10:00+05:30,194.62,195.0,194.62,194.81,621
2025-10-08 15:15:00+05:30,194.74,195.46,194.68,195.46,1029
2025-10-08 15:20:00+05:30,195.53,195.74,193.97,194.22,7955
2025-10-08 15:25:00+05:30,194.22,195.78,193.97,195.78,2742
2025-10-09 09:15:00+05:30,195.52,195.52,194.61,195.12,849
2025-10-09 09:20:00+05:30,195.12,195.47,195.07,195.24,773
2025-10-09 09:25:00+05:30,195.24,195.24,194.85,195.09,219
2025-10-09 09:30:00+05:30,195.09,195.38,194.46,194.46,438
2025-10-09 09:35:00+05:30,194.88,195.43,194.88,195.18,1398
2025-10-09 09:40:00+05:30,195.18,195.18,194.29,194.41,264
2025-10-09 09:45:00+05:30,194.41,194.95,194.41,194.95,746
2025-10-09 09:50:00+05:30,194.95,195.42,194.95,195.34,224
2025-10-09 09:55:00+05:30,195.34,195.34,194.93,195.03,137
2025-10-09 10:00:00+05:30,195.03,195.03,194.75,194.79,225
2025-10-09 10:05:00+05:30,194.79,194.92,194.57,194.92,328
2025-10-09 10:10:00+05:30,194.92,194.92,194.5,194.5,1045
2025-10-09 10:15:00+05:30,194.5,194.63,194.3,194.38,201
2025-10-09 10:20:00+05:30,194.38,194.78,194.28,194.28,61
2025-10-09 10:25:00+05:30,194.28,194.53,194.12,194.41,275
2025-10-09 10:30:00+05:30,194.41,194.48,194.26,194.48,166
2025-10-09 10:35:00+05:30,194.48,194.51,194.36,194.36,123
2025-10-09 10:40:00+05:30,194.36,194.36,194.36,194.36,0
2025-10-09 10:45:00+05:30,194.36,194.36,194.36,194.36,16
2025-10-09 10:50:00+05:30,194.36,194.44,194.36,194.44,59
2025-10-09 10:55:00+05:30,194.44,194.55,194.44,194.55,16
2025-10-09 11:00:00+05:30,194.55,194.55,194.19,194.19,100
2025-10-09 11:05:00+05:30,194.19,194.23,194.19,194.23,10
2025-10-09 11:10:00+05:30,194.23,194.43,193.97,193.97,322
2025-10-09 11:15:00+05:30,193.97,194.17,193.97,194.17,6
2025-10-09 11:20:00+05:30,194.13,194.2,194.06,194.2,1136
2025-10-09 11:25:00+05:30,194.2,194.2,194.2,194.2,0
2025-10-09 11:30:00+05:30,194.2,194.5,194.2,194.26,23
2025-10-09 11:35:00+05:30,194.26,194.42,194.06,194.07,532
2025-10-09 11:40:00+05:30,194.08,194.08,194.08,194.08,420
2025-10-09 11:45:00+05:30,194.08,194.08,194.08,194.08,0
2025-10-09 11:50:00+05:30,194.26,194.26,194.26,194.26,25
2025-10-09 11:55:00+05:30,194.26,194.26,194.11,194.11,1
2025-10-09 12:00:00+05:30,194.11,194.11,194.11,194.11,0
2025-10-09 12:05:00+05:30,194.11,194.26,194.11,194.12,112
2025-10-09 12:10:00+05:30,194.12,194.26,194.11,194.26,80
2025-10-09 12:15:00+05:30,194.26,194.26,194.08,194.08,234
2025-10-09 12:20:00+05:30,194.26,194.42,194.26,194.42,420
2025-10-09 12:25:00+05:30,194.42,194.42,194.06,194.06,872
2025-10-09 12:30:00+05:30,194.06,194.32,194.06,194.32,5
2025-10-09 12:35:00+05:30,194.32,194.32,194.06,194.06,239
2025-10-09 12:40:00+05:30,194.06,194.06,194.06,194.06,259
2025-10-09 12:45:00+05:30,194.06,194.32,194.06,194.32,10
2025-10-09 12:50:00+05:30,194.32,194.32,194.06,194.26,240
2025-10-09 12:55:00+05:30,194.26,194.26,194.26,194.26,0
2025-10-09 13:00:00+05:30,194.26,194.26,194.26,194.26,0
2025-10-09 13:05:00+05:30,194.26,194.26,194.06,194.06,1010
2025-10-09 13:10:00+05:30,194.06,194.31,194.06,194.31,104
2025-10-09 13:15:00+05:30,194.31,194.31,194.3,194.31,37
2025-10-09 13:20:00+05:30,194.31,194.31,194.26,194.3,27
2025-10-09 13:25:00+05:30,194.3,194.3,194.3,194.3,0
2025-10-09 13:30:00+05:30,194.3,194.3,194.26,194.26,10
2025-10-09 13:35:00+05:30,194.26,195.44,194.26,195.44,4158
2025-10-09 13:40:00+05:30,195.44,195.67,194.75,194.75,2457
2025-10-09 13:45:00+05:30,194.75,197.0,194.75,196.71,11130
2025-10-09 13:50:00+05:30,196.71,197.2,196.71,197.1,1766
2025-10-09 13:55:00+05:30,197.1,197.1,196.8,196.81,102
2025-10-09 14:00:00+05:30,196.81,196.99,196.8,196.99,45
2025-10-09 14:05:00+05:30,196.99,197.08,196.71,196.71,143
2025-10-09 14:10:00+05:30,196.71,196.76,196.71,196.71,674
2025-10-09 14:15:00+05:30,196.71,196.71,196.71,196.71,134
2025-10-09 14:20:00+05:30,196.71,196.72,196.71,196.71,1022
2025-10-09 14:25:00+05:30,196.71,196.71,196.25,196.58,1038
2025-10-09 14:30:00+05:30,196.58,196.71,196.44,196.44,825
2025-10-09 14:35:00+05:30,196.44,196.8,196.42,196.42,217
2025-10-09 14:40:00+05:30,196.42,196.42,196.07,196.07,65
2025-10-09 14:45:00+05:30,196.07,196.64,196.07,196.64,202
2025-10-09 14:50:00+05:30,196.64,197.49,196.64,196.84,1355
2025-10-09 14:55:00+05:30,196.84,197.38,196.84,197.29,58
2025-10-09 15:00:00+05:30,197.29,197.29,196.87,196.87,260
2025-10-09 15:05:00+05:30,196.81,197.69,196.8,197.26,2723
2025-10-09 15:10:00+05:30,197.26,197.28,196.8,196.82,765
2025-10-09 15:15:00+05:30,196.82,197.2,196.81,196.88,240
2025-10-09 15:20:00+05:30,196.8,197.24,196.8,197.24,867
2025-10-09 15:25:00+05:30,197.24,197.28,196.71,197.2,3525
2025-10-10 09:15:00+05:30,197.49,197.49,195.74,197.2,164
2025-10-10 09:20:00+05:30,197.2,197.2,196.51,196.79,138
2025-10-10 09:25:00+05:30,196.79,196.79,196.05,196.05,256
2025-10-10 09:30:00+05:30,196.05,196.2,195.73,196.2,453
2025-10-10 09:35:00+05:30,196.2,196.25,195.59,196.25,351
2025-10-10 09:40:00+05:30,196.19,196.71,196.19,196.71,1094
2025-10-10 09:45:00+05:30,196.32,196.71,196.26,196.71,674
2025-10-10 09:50:00+05:30,196.71,196.75,196.33,196.33,160
2025-10-10 09:55:00+05:30,196.33,196.33,195.26,195.26,4448
2025-10-10 10:00:00+05:30,195.26,196.02,195.26,195.93,270
2025-10-10 10:05:00+05:30,196.34,196.53,195.98,196.12,406
2025-10-10 10:10:00+05:30,196.12,196.63,196.09,196.63,22
2025-10-10 10:15:00+05:30,196.63,196.63,196.63,196.63,0
2025-10-10 10:20:00+05:30,196.63,196.63,196.63,196.63,200
2025-10-10 10:25:00+05:30,196.63,196.63,196.05,196.05,360
2025-10-10 10:30:00+05:30,196.05,196.05,195.99,195.99,167
2025-10-10 10:35:00+05:30,195.99,196.22,195.97,195.97,440
2025-10-10 10:40:00+05:30,195.97,195.97,195.94,195.94,505
2025-10-10 10:45:00+05:30,195.94,195.94,195.94,195.94,108
2025-10-10 10:50:00+05:30,196.3,196.3,195.92,195.97,1581
2025-10-10 10:55:00+05:30,195.97,196.15,195.76,195.76,118
2025-10-10 11:00:00+05:30,195.76,195.76,195.76,195.76,0
2025-10-10 11:05:00+05:30,195.76,195.84,195.35,195.64,1076
2025-10-10 11:10:00+05:30,195.34,195.73,195.34,195.59,418
2025-10-10 11:15:00+05:30,195.59,195.69,195.49,195.69,15
2025-10-10 11:20:00+05:30,195.69,195.69,195.69,195.69,0
2025-10-10 11:25:00+05:30,195.69,195.72,194.75,195.35,2605
2025-10-10 11:30:00+05:30,195.35,195.35,194.81,194.93,126
2025-10-10 11:35:00+05:30,195.12,195.12,194.95,194.95,35
2025-10-10 11:40:00+05:30,194.95,195.15,194.95,194.97,42
2025-10-10 11:45:00+05:30,194.97,194.97,194.97,194.97,64
2025-10-10 11:50:00+05:30,194.97,195.17,194.97,195.17,162
2025-10-10 11:55:00+05:30,195.17,195.43,195.17,195.43,63
2025-10-10 12:00:00+05:30,195.43,195.43,194.97,194.97,410
2025-10-10 12:05:00+05:30,194.97,195.73,194.97,195.72,841
2025-10-10 12:10:00+05:30,195.72,195.72,194.99,194.99,1443
2025-10-10 12:15:00+05:30,194.99,195.07,194.99,195.07,10
2025-10-10 12:20:00+05:30,195.07,195.07,195.0,195.0,5014
2025-10-10 12:25:00+05:30,195.0,195.41,195.0,195.39,80
2025-10-10 12:30:00+05:30,194.99,195.41,194.99,195.41,693
2025-10-10 12:35:00+05:30,195.41,195.72,194.97,195.72,771
2025-10-10 12:40:00+05:30,195.72,195.72,195.4,195.7,211
2025-10-10 12:45:00+05:30,195.06,195.5,195.06,195.5,399
2025-10-10 12:50:00+05:30,194.7,194.78,193.7,194.78,11235
2025-10-10 12:55:00+05:30,194.79,194.79,194.41,194.41,119
2025-10-10 13:00:00+05:30,194.41,194.51,194.41,194.51,1
2025-10-10 13:05:00+05:30,194.51,194.81,194.51,194.55,24
2025-10-10 13:10:00+05:30,194.55,194.82,194.55,194.82,108
2025-10-10 13:15:00+05:30,194.83,194.83,194.59,194.79,598
2025-10-10 13:20:00+05:30,194.85,194.85,194.55,194.74,444
2025-10-10 13:25:00+05:30,194.74,194.82,194.55,194.82,250
2025-10-10 13:30:00+05:30,194.83,194.86,194.83,194.83,435
2025-10-10 13:35:00+05:30,194.83,195.09,194.83,195.09,20
2025-10-10 13:40:00+05:30,195.09,195.09,194.79,194.79,9
2025-10-10 13:45:00+05:30,194.79,194.95,194.79,194.95,26
2025-10-10 13:50:00+05:30,194.95,194.95,194.55,194.55,207
2025-10-10 13:55:00+05:30,194.55,194.91,194.55,194.57,34
2025-10-10 14:00:00+05:30,194.57,194.93,194.57,194.93,41
2025-10-10 14:05:00+05:30,194.93,194.93,194.58,194.58,245
2025-10-10 14:10:00+05:30,194.58,194.58,194.58,194.58,0
2025-10-10 14:15:00+05:30,194.58,194.58,194.58,194.58,25
2025-10-10 14:20:00+05:30,194.58,194.93,194.58,194.92,134
2025-10-10 14:25:00+05:30,194.92,194.93,194.57,194.93,138
2025-10-10 14:30:00+05:30,194.93,194.93,194.93,194.93,100
2025-10-10 14:35:00+05:30,194.92,194.92,194.18,194.75,1086
2025-10-10 14:40:00+05:30,194.75,194.78,194.75,194.78,5
2025-10-10 14:45:00+05:30,194.78,194.94,194.78,194.94,365
2025-10-10 14:50:00+05:30,194.95,194.95,194.95,194.95,64
2025-10-10 14:55:00+05:30,194.95,195.24,194.95,194.95,256
2025-10-10 15:00:00+05:30,194.95,195.19,194.95,195.06,127
2025-10-10 15:05:00+05:30,195.06,195.43,194.77,195.01,1068
2025-10-10 15:10:00+05:30,195.01,195.42,194.84,195.42,1605
2025-10-10 15:15:00+05:30,195.41,195.41,194.79,194.79,1074
2025-10-10 15:20:00+05:30,194.79,195.32,194.79,195.24,1553
2025-10-10 15:25:00+05:30,195.24,195.41,194.81,195.22,2393
2025-10-13 09:15:00+05:30,193.38,194.65,193.28,194.54,1347
2025-10-13 09:20:00+05:30,194.54,194.54,193.77,193.77,755
2025-10-13 09:25:00+05:30,193.77,193.77,192.85,193.64,3914
2025-10-13 09:30:00+05:30,193.72,193.72,192.84,192.84,1831
2025-10-13 09:35:00+05:30,192.84,193.28,192.84,192.92,76
2025-10-13 09:40:00+05:30,192.92,193.28,192.92,192.95,334
2025-10-13 09:45:00+05:30,193.38,193.72,192.99,193.72,4058
2025-10-13 09:50:00+05:30,193.72,193.72,192.95,192.95,365
2025-10-13 09:55:00+05:30,193.32,193.4,192.79,193.4,786
2025-10-13 10:00:00+05:30,193.38,193.38,192.79,192.79,320
2025-10-13 10:05:00+05:30,192.79,193.33,192.79,193.02,209
2025-10-13 10:10:00+05:30,193.02,193.33,193.02,193.33,11
2025-10-13 10:15:00+05:30,193.33,193.42,193.33,193.4,131
2025-10-13 10:20:00+05:30,193.4,193.4,193.4,193.4,224
2025-10-13 10:25:00+05:30,193.4,193.4,193.33,193.33,30
2025-10-13 10:30:00+05:30,193.33,193.45,193.28,193.28,132
2025-10-13 10:35:00+05:30,193.28,193.28,193.27,193.27,72
2025-10-13 10:40:00+05:30,193.28,193.45,193.28,193.45,34
2025-10-13 10:45:00+05:30,193.45,193.45,193.26,193.45,292
2025-10-13 10:50:00+05:30,193.45,193.45,193.01,193.01,271
2025-10-13 10:55:00+05:30,193.01,193.4,193.01,193.38,56
2025-10-13 11:00:00+05:30,193.38,193.38,193.28,193.38,77
2025-10-13 11:05:00+05:30,193.38,193.38,193.28,193.28,1015
2025-10-13 11:10:00+05:30,193.28,193.28,193.01,193.01,35
2025-10-13 11:15:00+05:30,193.01,193.29,193.01,193.04,190
2025-10-13 11:20:00+05:30,193.04,193.04,193.04,193.04,0
2025-10-13 11:25:00+05:30,193.04,193.04,192.99,192.99,2483
2025-10-13 11:30:00+05:30,192.99,193.03,192.99,193.03,7
2025-10-13 11:35:00+05:30,193.03,193.08,193.01,193.08,792
2025-10-13 11:40:00+05:30,193.08,193.09,193.08,193.09,20
2025-10-13 11:45:00+05:30,193.09,193.09,193.09,193.09,100
2025-10-13 11:50:00+05:30,193.09,193.38,193.04,193.04,227
2025-10-13 11:55:00+05:30,193.04,193.38,193.04,193.38,71
2025-10-13 12:00:00+05:30,193.38,193.38,192.99,192.99,499
2025-10-13 12:05:00+05:30,192.99,192.99,192.79,192.8,666
2025-10-13 12:10:00+05:30,192.8,192.98,192.79,192.79,591
2025-10-13 12:15:00+05:30,192.84,193.24,192.84,192.85,43
2025-10-13 12:20:00+05:30,192.85,192.85,192.85,192.85,0
2025-10-13 12:25:00+05:30,192.85,192.86,192.85,192.86,4
2025-10-13 12:30:00+05:30,192.86,192.86,192.86,192.86,100
2025-10-13 12:35:00+05:30,192.86,192.86,192.86,192.86,0
2025-10-13 12:40:00+05:30,193.16,193.16,192.87,192.87,121
2025-10-13 12:45:00+05:30,193.22,193.24,192.89,192.89,142
2025-10-13 12:50:00+05:30,192.89,192.89,192.85,192.85,61
2025-10-13 12:55:00+05:30,192.89,193.09,192.89,193.09,346
2025-10-13 13:00:00+05:30,193.09,193.24,193.09,193.24,226
2025-10-13 13:05:00+05:30,193.24,193.24,192.86,192.86,15
2025-10-13 13:10:00+05:30,192.86,192.86,192.86,192.86,1
2025-10-13 13:15:00+05:30,192.86,192.86,192.86,192.86,0
2025-10-13 13:20:00+05:30,192.86,192.86,192.86,192.86,1528
2025-10-13 13:25:00+05:30,192.86,193.37,192.86,193.06,37
2025-10-13 13:30:00+05:30,193.38,193.38,193.07,193.07,250
2025-10-13 13:35:00+05:30,193.07,193.07,193.07,193.07,0
2025-10-13 13:40:00+05:30,193.07,193.37,193.06,193.06,101
2025-10-13 13:45:00+05:30,193.06,193.46,193.05,193.46,617
2025-10-13 13:50:00+05:30,193.46,193.7,193.46,193.69,119
2025-10-13 13:55:00+05:30,193.82,193.82,193.07,193.07,1577
2025-10-13 14:00:00+05:30,193.07,193.07,193.07,193.07,0
2025-10-13 14:05:00+05:30,193.07,193.61,193.07,193.18,201
2025-10-13 14:10:00+05:30,193.22,193.23,193.22,193.23,57
2025-10-13 14:15:00+05:30,193.23,193.23,193.19,193.19,75
2025-10-13 14:20:00+05:30,193.19,193.19,193.19,193.19,0
2025-10-13 14:25:00+05:30,193.19,193.56,193.19,193.56,36
2025-10-13 14:30:00+05:30,193.56,193.56,193.56,193.56,30
2025-10-13 14:35:00+05:30,193.56,193.56,193.06,193.56,562
2025-10-13 14:40:00+05:30,193.56,193.56,193.56,193.56,10
2025-10-13 14:45:00+05:30,193.56,193.56,193.52,193.53,75
2025-10-13 14:50:00+05:30,193.53,193.53,193.53,193.53,54
2025-10-13 14:55:00+05:30,193.53,193.56,193.2,193.56,87
2025-10-13 15:00:00+05:30,193.56,193.56,193.28,193.28,758
2025-10-13 15:05:00+05:30,193.28,194.55,193.28,193.77,3274
2025-10-13 15:10:00+05:30,193.77,194.54,193.41,193.88,2577
2025-10-13 15:15:00+05:30,193.75,193.77,193.06,193.74,522
2025-10-13 15:20:00+05:30,193.74,193.93,193.54,193.7,3206
2025-10-13 15:25:00+05:30,193.7,193.97,193.7,193.97,688
2025-10-14 09:15:00+05:30,193.28,194.75,193.28,194.21,2082
2025-10-14 09:20:00+05:30,194.21,194.57,194.21,194.57,196
2025-10-14 09:25:00+05:30,194.57,194.95,194.54,194.75,507
2025-10-14 09:30:00+05:30,194.75,194.75,194.38,194.38,25
2025-10-14 09:35:00+05:30,194.38,194.69,194.31,194.46,597
2025-10-14 09:40:00+05:30,194.46,194.46,194.22,194.22,183
2025-10-14 09:45:00+05:30,194.22,194.7,194.11,194.11,841
2025-10-14 09:50:00+05:30,194.11,194.42,193.92,193.92,1328
2025-10-14 09:55:00+05:30,193.92,194.26,193.54,193.54,1484
2025-10-14 10:00:00+05:30,193.54,193.77,193.54,193.56,339
2025-10-14 10:05:00+05:30,193.56,194.2,193.4,194.14,2870
2025-10-14 10:10:00+05:30,194.14,194.5,194.14,194.49,280
2025-10-14 10:15:00+05:30,194.06,196.27,194.06,195.33,4790
2025-10-14 10:20:00+05:30,195.33,195.33,195.0,195.0,15
2025-10-14 10:25:00+05:30,195.0,196.22,195.0,196.22,2518
2025-10-14 10:30:00+05:30,196.22,197.34,196.12,196.96,11415
2025-10-14 10:35:00+05:30,196.33,196.71,195.38,195.38,2102
2025-10-14 10:40:00+05:30,195.38,195.39,195.38,195.39,309
2025-10-14 10:45:00+05:30,195.36,195.53,195.36,195.53,105
2025-10-14 10:50:00+05:30,195.53,195.53,195.17,195.17,80
2025-10-14 10:55:00+05:30,195.17,195.46,195.0,195.0,450
2025-10-14 11:00:00+05:30,195.0,195.32,194.76,195.32,470
2025-10-14 11:05:00+05:30,195.32,195.32,194.89,194.89,36
2025-10-14 11:10:00+05:30,194.89,194.89,194.43,194.43,824
2025-10-14 11:15:00+05:30,194.43,194.81,194.43,194.79,125
2025-10-14 11:20:00+05:30,194.79,194.79,194.79,194.79,0
2025-10-14 11:25:00+05:30,194.79,194.92,194.5,194.92,57
2025-10-14 11:30:00+05:30,194.92,195.18,194.92,195.18,122
2025-10-14 11:35:00+05:30,195.18,195.18,194.58,194.6,61
2025-10-14 11:40:00+05:30,194.38,194.6,194.01,194.03,1159
2025-10-14 11:45:00+05:30,194.03,194.03,193.93,193.93,40
2025-10-14 11:50:00+05:30,193.93,193.93,193.93,193.93,0
2025-10-14 11:55:00+05:30,193.93,194.21,193.93,194.21,39
2025-10-14 12:00:00+05:30,194.21,194.23,194.08,194.08,78
2025-10-14 12:05:00+05:30,194.08,194.08,194.08,194.08,20
2025-10-14 12:10:00+05:30,194.08,194.08,194.08,194.08,50
2025-10-14 12:15:00+05:30,194.08,194.18,194.08,194.18,77
2025-10-14 12:20:00+05:30,194.18,194.49,194.18,194.22,76
2025-10-14 12:25:00+05:30,194.22,194.31,194.22,194.31,1
2025-10-14 12:30:00+05:30,194.31,194.32,194.02,194.02,174
2025-10-14 12:35:00+05:30,194.02,194.02,194.02,194.02,0
2025-10-14 12:40:00+05:30,194.02,194.41,194.02,194.03,116
2025-10-14 12:45:00+05:30,194.03,194.31,194.03,194.03,625
2025-10-14 12:50:00+05:30,194.03,194.03,193.78,193.78,671
2025-10-14 12:55:00+05:30,193.78,193.78,193.78,193.78,0
2025-10-14 13:00:00+05:30,193.78,193.9,193.78,193.9,7
2025-10-14 13:05:00+05:30,193.9,194.26,193.83,193.83,185
2025-10-14 13:10:00+05:30,193.83,194.41,193.83,193.99,114
2025-10-14 13:15:00+05:30,193.99,194.15,193.99,194.15,3
2025-10-14 13:20:00+05:30,194.15,194.26,193.94,193.94,11
2025-10-14 13:25:00+05:30,193.94,194.26,193.94,193.94,4
2025-10-14 13:30:00+05:30,193.94,194.31,193.94,194.0,60
2025-10-14 13:35:00+05:30,194.0,194.0,193.98,193.99,55
2025-10-14 13:40:00+05:30,193.99,193.99,193.99,193.99,0
2025-10-14 13:45:00+05:30,193.99,194.41,193.99,194.02,136
2025-10-14 13:50:00+05:30,194.02,194.02,194.02,194.02,31
2025-10-14 13:55:00+05:30,194.02,195.09,194.02,194.05,5929
2025-10-14 14:00:00+05:30,194.05,194.08,193.79,193.79,131
2025-10-14 14:05:00+05:30,194.06,194.14,193.78,193.86,407
2025-10-14 14:10:00+05:30,193.86,194.04,193.28,193.28,2317
2025-10-14 14:15:00+05:30,193.28,193.62,193.28,193.29,37
2025-10-14 14:20:00+05:30,193.29,193.5,193.28,193.46,34
2025-10-14 14:25:00+05:30,193.46,194.16,193.46,193.83,133
2025-10-14 14:30:00+05:30,193.83,194.19,193.77,193.84,197
2025-10-14 14:35:00+05:30,193.84,193.88,193.84,193.88,33
2025-10-14 14:40:00+05:30,193.88,194.11,193.88,194.01,35
2025-10-14 14:45:00+05:30,194.01,195.25,194.01,195.14,528
2025-10-14 14:50:00+05:30,195.14,195.14,194.35,194.35,427
2025-10-14 14:55:00+05:30,194.35,194.6,193.78,194.07,1214
2025-10-14 15:00:00+05:30,194.34,194.39,194.01,194.39,340
2025-10-14 15:05:00+05:30,194.39,194.64,194.24,194.27,2533
2025-10-14 15:10:00+05:30,194.24,194.27,193.98,194.06,128
2025-10-14 15:15:00+05:30,194.06,194.08,193.77,193.87,492
2025-10-14 15:20:00+05:30,194.16,194.24,193.95,194.13,495
2025-10-14 15:25:00+05:30,194.13,195.47,193.82,194.26,4715
2025-10-15 09:15:00+05:30,195.34,195.52,194.53,195.35,405
2025-10-15 09:20:00+05:30,195.35,195.35,194.88,195.24,423
2025-10-15 09:25:00+05:30,195.24,195.24,194.88,194.88,169
2025-10-15 09:30:00+05:30,194.88,195.18,194.88,195.16,33
2025-10-15 09:35:00+05:30,195.16,195.16,194.75,194.75,751
2025-10-15 09:40:00+05:30,194.75,194.77,194.75,194.75,124
2025-10-15 09:45:00+05:30,194.5,194.9,194.49,194.49,130
2025-10-15 09:50:00+05:30,194.49,194.58,194.26,194.58,142
2025-10-15 09:55:00+05:30,194.58,194.58,194.26,194.53,106
2025-10-15 10:00:00+05:30,194.53,194.57,194.06,194.06,352
2025-10-15 10:05:00+05:30,194.06,194.06,194.06,194.06,40
2025-10-15 10:10:00+05:30,194.06,194.6,194.06,194.6,74
2025-10-15 10:15:00+05:30,194.6,194.6,194.47,194.47,47
2025-10-15 10:20:00+05:30,194.47,194.47,194.47,194.47,0
2025-10-15 10:25:00+05:30,194.47,194.47,194.28,194.28,215
2025-10-15 10:30:00+05:30,194.28,194.29,194.28,194.28,1001
2025-10-15 10:35:00+05:30,194.28,194.3,194.26,194.26,337
2025-10-15 10:40:00+05:30,194.27,194.27,194.27,194.27,10
2025-10-15 10:45:00+05:30,194.27,194.27,193.77,193.77,427
2025-10-15 10:50:00+05:30,193.77,194.15,193.77,194.13,1236
2025-10-15 10:55:00+05:30,194.13,194.13,193.88,193.89,276
2025-10-15 11:00:00+05:30,193.89,193.92,193.89,193.92,487
2025-10-15 11:05:00+05:30,193.92,193.92,193.81,193.81,155
2025-10-15 11:10:00+05:30,193.81,194.05,193.77,194.05,416
2025-10-15 11:15:00+05:30,194.05,194.06,194.05,194.06,163
2025-10-15 11:20:00+05:30,194.06,194.12,193.87,194.12,53
2025-10-15 11:25:00+05:30,194.12,194.18,194.12,194.18,5
2025-10-15 11:30:00+05:30,194.18,194.2,193.93,194.16,1081
2025-10-15 11:35:00+05:30,194.16,194.16,193.82,193.83,1265
2025-10-15 11:40:00+05:30,193.82,193.82,193.3,193.3,1319
2025-10-15 11:45:00+05:30,193.3,193.33,193.28,193.32,27
2025-10-15 11:50:00+05:30,193.32,193.77,193.32,193.47,566
2025-10-15 11:55:00+05:30,193.47,193.77,193.47,193.48,130
2025-10-15 12:00:00+05:30,193.47,193.59,193.47,193.47,671
2025-10-15 12:05:00+05:30,193.47,193.47,193.47,193.47,40
2025-10-15 12:10:00+05:30,193.28,193.28,193.09,193.1,563
2025-10-15 12:15:00+05:30,193.11,193.18,193.09,193.11,359
2025-10-15 12:20:00+05:30,193.11,193.39,193.11,193.13,32
2025-10-15 12:25:00+05:30,193.13,193.13,193.13,193.13,0
2025-10-15 12:30:00+05:30,193.13,193.38,193.13,193.14,214
2025-10-15 12:35:00+05:30,193.14,193.33,193.13,193.14,223
2025-10-15 12:40:00+05:30,193.14,193.14,193.09,193.09,811
2025-10-15 12:45:00+05:30,193.1,193.35,192.89,193.18,856
2025-10-15 12:50:00+05:30,193.37,193.47,193.24,193.26,1188
2025-10-15 12:55:00+05:30,193.26,193.26,193.18,193.18,568
2025-10-15 13:00:00+05:30,193.18,193.33,193.18,193.18,109
2025-10-15 13:05:00+05:30,193.18,193.18,193.04,193.05,83
2025-10-15 13:10:00+05:30,193.05,193.05,192.84,192.84,328
2025-10-15 13:15:00+05:30,192.84,193.23,192.84,192.9,775
2025-10-15 13:20:00+05:30,192.9,192.94,192.9,192.9,126
2025-10-15 13:25:00+05:30,192.9,193.23,192.9,192.96,55
2025-10-15 13:30:00+05:30,192.96,193.2,192.96,193.2,6
2025-10-15 13:35:00+05:30,193.2,193.29,193.04,193.18,325
2025-10-15 13:40:00+05:30,193.18,193.4,193.13,193.13,269
2025-10-15 13:45:00+05:30,193.13,193.4,193.13,193.13,113
2025-10-15 13:50:00+05:30,193.13,193.35,193.13,193.13,154
2025-10-15 13:55:00+05:30,193.13,193.13,193.0,193.01,182
2025-10-15 14:00:00+05:30,193.01,193.08,192.9,193.08,164
2025-10-15 14:05:00+05:30,193.08,193.08,193.08,193.08,0
2025-10-15 14:10:00+05:30,193.08,193.08,192.91,192.91,253
2025-10-15 14:15:00+05:30,192.91,193.18,192.91,193.08,32
2025-10-15 14:20:00+05:30,193.08,193.2,192.92,193.09,67
2025-10-15 14:25:00+05:30,193.09,193.2,192.84,192.84,2056
2025-10-15 14:30:00+05:30,192.84,193.04,192.84,193.04,315
2025-10-15 14:35:00+05:30,193.04,193.04,193.04,193.04,0
2025-10-15 14:40:00+05:30,193.04,193.04,192.9,192.9,133
2025-10-15 14:45:00+05:30,192.9,193.08,192.84,192.84,378
2025-10-15 14:50:00+05:30,192.84,193.04,192.84,193.02,235
2025-10-15 14:55:00+05:30,193.02,193.02,192.79,192.79,2213
2025-10-15 15:00:00+05:30,192.79,192.92,192.74,192.79,1234
2025-10-15 15:05:00+05:30,192.79,192.93,192.5,192.65,2125
2025-10-15 15:10:00+05:30,192.65,192.89,192.5,192.89,2396
2025-10-15 15:15:00+05:30,192.89,192.99,192.52,192.66,1319
2025-10-15 15:20:00+05:30,192.66,192.97,192.61,192.71,1545
2025-10-15 15:25:00+05:30,192.89,193.44,192.8,193.43,5562
